Age,Label
79161615,docs
79161615,good first issue
58183,docs
58183,good first issue
3333847,build
3333847,external
68450,Hacktoberfest
68450,good first issue
14735352,docs
48754840,docs
34098,docs
1504,docs
1504,new
34673404,docs
3377004,docs
282133,new
282133,site
362393,docs
315313,docs
1832949,docs
270,search
82779,docs
592568,docs
13036823,docs
927170,docs
25290,build
927785,build
328010,xt
2131251,search
1853,xt
1279715,docs
1279715,search
15741425,docs
82162,docs
82162,good first issue
242799,docs
8092651,docs
2085164,big
2085164,search
2861927,docs
13092,wishlist
13092,xt
1116111,build
958158,docs
958158,good first issue
339237,docs
104974,site
63772,build
5267278,docs
8598,big
2266099,docs
76213,docs
2672783,docs
25476433,docs
172229,Hacktoberfest
172229,search
52436824,docs
47250446,docs
47250446,search
13945,build
1172333,docs
100407,docs
1811330,site
32425153,build
500925,docs
2647422,build
20749157,docs
33511727,docs
73423511,external
3639763,build
3639763,site
3639763,wishlist
1059365,docs
1059365,update
38887807,docs
3925,build
3925,good first issue
68757,docs
851112,docs
851112,good first issue
851112,update
333201,docs
26772036,docs
541791,meta
640,docs
165895,build
1235564,docs
1235564,good first issue
1235564,update
3514952,docs
17687397,bug
17687397,docs
7818,build
1006296,docs
2858032,search
260542,build
260542,docs
260542,good first issue
16201813,NOTSPECCED
108513,docs
1873527,docs
1873527,search
36258301,docs
36258301,update
1131368,search
418570,bug
418570,build
418570,new
16568799,docs
16568799,good first issue
8192,docs
2774777,docs
2774777,good first issue
2774777,new
415497,good first issue
415497,new
29199350,docs
29089763,docs
85731269,build
85731269,docs
182927,docs
811,docs
43563,bug
43563,docs
261362,build
261362,meta
1677538,big
6667,search
116,docs
3898035,docs
3316696,docs
21520434,site
469237,search
1869137,search
1426390,docs
1426390,update
24688916,docs
15935386,docs
61692,docs
7822284,docs
1492793,xt
721054,docs
721054,new
18417435,docs
18417435,external
27473207,search
29683801,docs
110074,site
4461137,search
3813759,docs
40878427,docs
6226496,docs
6226496,new
1265099,docs
9295534,docs
9295534,new
284,build
17451758,build
26118,docs
23798114,good first issue
23798114,update
25284,site
43477,docs
349928,docs
699346,docs
699346,good first issue
699346,update
476675,build
79037,build
926917,good first issue
926917,search
21787108,docs
52345,docs
52345,good first issue
46018,build
314442,docs
24157432,bug
24157432,docs
219962,Hacktoberfest
219962,docs
980545,site
18031869,docs
59980,docs
543977,search
7248978,docs
3075013,NOTSPECCED
3075013,docs
3075013,new
25381668,docs
25381668,wishlist
882921,good first issue
882921,meta
166919,docs
166919,good first issue
38291,build
352791,xt
10499520,search
138186,docs
5089,build
22668,docs
47194563,docs
422779,docs
14558695,docs
157196,docs
1732257,docs
14800,docs
58878,docs
58878,good first issue
201375,docs
21069036,docs
671435,docs
21962882,docs
2375338,NOTSPECCED
2375338,docs
38248,build
28175898,docs
1869183,search
2912,docs
11623,docs
16087755,search
41893,site
238277,docs
1060253,docs
13354,docs
18368241,docs
22108715,docs
1364,docs
2227,docs
775256,build
2256994,docs
79695,build
1435,docs
1435,xt
22297,build
22297,docs
99613,build
1551020,good first issue
15787,build
366089,docs
5001033,docs
169,docs
11752063,NOTSPECCED
11752063,docs
243847,build
2494501,docs
3331862,xt
1722126,docs
1009555,docs
1153753,docs
1153753,update
1697652,build
877029,docs
877029,new
23194871,search
5360040,docs
31690249,docs
5551950,big
5551950,build
5551950,wishlist
1859459,build
1070,build
18221217,docs
79531,build
2321433,docs
55901,NOTSPECCED
431544,docs
38240532,docs
2309301,docs
53446,build
2626769,big
2626769,docs
50932,docs
988597,docs
988597,new
23518819,site
3164,update
670475,docs
202461,update
948992,build
948992,good first issue
103617,docs
2159,site
43141447,docs
75679878,external
6631480,docs
13737861,docs
531121,NOTSPECCED
531121,docs
2776,docs
44046641,docs
5559,docs
17336137,build
46751408,docs
32872169,docs
32872169,update
49055443,docs
466239,Hacktoberfest
466239,docs
2570716,docs
2570716,update
43001766,docs
43001766,meta
14502258,wishlist
1108840,docs
1108840,external
140207,good first issue
140207,update
43000791,docs
88631,docs
88631,new
52057922,docs
52057922,update
2337152,build
529065,docs
90503,build
50259694,docs
32556364,site
41436262,docs
19805172,docs
8417995,site
1320497,Hacktoberfest
1320497,docs
1320497,good first issue
2550311,xt
505410,docs
5453,docs
272123,docs
70347,build
70347,site
1124016,docs
1124016,update
19208590,docs
19208590,new
24361,docs
21875291,docs
72591,docs
2996716,docs
2996716,update
1375592,site
31705558,docs
243159,search
5976039,docs
377908,build
24779332,build
5062653,docs
8565482,Hacktoberfest
8565482,docs
8565482,good first issue
82754320,build
82754320,site
624672,docs
4128434,docs
6670136,build
6314361,docs
102532,bug
799,xt
80060749,build
67183,docs
1706,docs
18676014,big
18676014,docs
3341169,build
369621,build
369621,docs
54385,docs
359476,search
120618150,docs
25615,bug
293202,bug
54509,build
7378711,docs
7378711,search
1225762,search
379631,docs
379631,good first issue
717,meta
506254,docs
5233917,docs
716377,docs
103844,build
94224,docs
42258132,docs
12719296,docs
12719296,update
4302691,build
720852,docs
408079,meta
25207376,docs
119284,docs
272495,build
830,build
138652,docs
28389341,docs
74026336,build
3770496,build
8130097,search
42647769,docs
3594652,site
31629682,docs
7575,Hacktoberfest
7575,docs
7575,good first issue
23439299,Hacktoberfest
23439299,docs
368294,build
368294,docs
19122645,docs
3223291,docs
504156,docs
741919,build
741919,docs
86199,build
25120458,site
12895,build
108378,docs
35628,site
1820704,meta
47095,good first issue
652214,build
3774382,xt
1383843,site
18144349,docs
499189,docs
97041,search
5282495,xt
1439,search
23117494,docs
644690,docs
14547260,docs
4185906,docs
4185906,good first issue
11051098,docs
22291834,docs
19420119,docs
2850582,docs
22569982,Hacktoberfest
22569982,docs
5156537,build
5156537,site
947101,bug
947101,build
636619,build
6642431,site
78621,bug
78621,search
19190771,docs
196898,good first issue
261702,docs
3768803,docs
25330348,build
2561,good first issue
6283327,big
6283327,docs
9151,build
82349,docs
418142,docs
7156612,build
1168679,docs
21272538,docs
4163684,docs
5344,docs
1587689,Hacktoberfest
1587689,good first issue
1587689,search
22258061,docs
21294,build
1028977,docs
734461,update
1261911,docs
1261911,good first issue
3510054,search
5317130,search
2329924,docs
682675,docs
21364634,docs
22147141,docs
17711019,docs
17711019,search
50485858,docs
1216583,xt
780355,site
590947,build
4341855,docs
15687385,meta
13408750,docs
6146647,docs
38719173,build
108,build
3153884,docs
3153884,new
1353,site
3359694,site
7129,docs
1254407,docs
172262,Hacktoberfest
172262,search
444650,docs
444650,update
5329425,docs
145354,build
159141,build
159141,meta
177661,docs
177661,new
20428388,docs
322461,meta
449078,docs
49366,docs
49366,update
6561505,meta
9097,docs
81924,good first issue
267567,docs
267567,new
3694112,docs
1632024,docs
1632024,good first issue
12940,docs
258561,xt
2666727,docs
25463516,docs
25463516,update
1994094,docs
18187,xt
4055,search
4834068,search
21969,docs
21969,site
21969,wishlist
245366,docs
7289935,search
19836659,docs
2643444,site
2643444,wishlist
44210775,docs
169151,meta
81893899,docs
788429,xt
2159972,docs
2159972,new
1847,build
19754198,docs
21915849,docs
4684878,docs
4524,xt
1114467,site
8988,docs
2538,build
40315,docs
40315,site
1350,build
2126782,xt
585383,docs
585383,search
218391,docs
218391,site
123789,docs
1066,docs
5937635,docs
55305,docs
1813731,bug
5975171,xt
2788867,docs
10523482,docs
10523482,good first issue
1239824,docs
13022868,docs
514424,docs
2963757,docs
185335,docs
185335,good first issue
20813036,docs
2235093,Hacktoberfest
2235093,docs
2235093,good first issue
2931787,docs
30129,docs
30129,good first issue
28157160,docs
955212,Hacktoberfest
955212,docs
955212,search
10290970,docs
2852450,docs
6747848,docs
12112,new
12112,search
12112,site
41189954,build
1558,site
546118,docs
973001,docs
973001,new
358752,docs
2827652,build
23788653,build
23788653,search
28481185,docs
28481185,meta
37472965,site
598250,docs
8991854,docs
957314,docs
324044,docs
324044,search
13747,good first issue
13747,xt
2447443,docs
749465,docs
24680822,docs
76007464,build
76007464,wishlist
73620,docs
73620,search
1798393,search
2451659,docs
695253,build
163914,site
974278,docs
351840,good first issue
351840,update
6245,search
179746,docs
20352363,search
25001020,docs
25001020,update
20505666,search
2752,docs
9592222,docs
116401,search
5819232,docs
16071366,build
6544,docs
3977097,NOTSPECCED
3977097,docs
32271190,docs
20414067,NOTSPECCED
44226431,docs
531880,build
49977645,docs
19633,xt
21162803,good first issue
1014,bug
1014,docs
74818503,docs
17389,build
17389,docs
17871176,docs
21270629,docs
161257,good first issue
10101383,search
934378,docs
4844104,search
5490350,docs
15032384,docs
67890,build
67890,search
23373983,docs
46514759,docs
46514759,wishlist
1582403,docs
1582403,update
373295,build
138870,docs
138870,search
191165,search
112946,search
3849,docs
3849,good first issue
7584,docs
278744,bug
278744,build
21221264,docs
25000221,docs
11876,build
233401,meta
4215261,docs
760183,docs
4783931,docs
4783931,xt
78320,build
1188992,build
1188992,docs
14079437,docs
14079437,new
546,NOTSPECCED
3105213,docs
13010,docs
2269951,docs
