Time,Open Issues
2012-07-04T14:30:37Z,1
2012-07-04T14:32:43Z,0
2012-08-28T19:06:14Z,1
2012-09-04T13:36:41Z,2
2012-12-25T14:47:19Z,3
2012-12-25T16:29:12Z,2
2013-01-02T08:18:36Z,3
2013-01-02T13:35:27Z,2
2013-05-28T08:33:43Z,3
2013-11-07T17:12:56Z,4
2014-02-13T03:32:51Z,3
2014-02-17T20:18:48Z,4
2014-02-17T20:41:18Z,3
2014-02-17T21:18:30Z,4
2014-02-17T21:18:57Z,3
2014-04-03T08:38:04Z,4
2014-05-22T19:32:03Z,5
2014-05-22T19:38:54Z,4
2014-06-19T05:45:15Z,3
2014-06-20T04:39:02Z,4
2014-06-20T04:44:24Z,3
2014-06-20T05:22:30Z,2
2015-01-02T13:58:30Z,1
2015-06-07T22:40:33Z,2
2015-06-08T07:33:57Z,1
2015-06-08T21:03:43Z,2
2015-06-08T21:08:46Z,1
2015-06-11T18:49:38Z,2
2015-06-13T13:49:51Z,3
2015-06-14T12:23:12Z,4
2015-06-21T19:24:45Z,5
2015-06-21T21:03:09Z,4
2015-06-22T21:18:45Z,5
2015-06-26T11:18:59Z,6
2015-06-26T23:02:48Z,7
2015-06-28T19:54:58Z,8
2015-06-28T20:14:55Z,7
2015-07-05T18:37:35Z,8
2015-07-05T18:43:51Z,7
2015-07-06T20:51:16Z,8
2015-07-11T07:26:31Z,7
2015-07-19T23:08:48Z,8
2015-07-21T02:24:05Z,9
2015-07-21T14:29:49Z,8
2015-07-22T15:09:23Z,9
2015-07-22T19:18:14Z,8
2015-07-22T19:25:04Z,7
2015-07-25T08:13:59Z,6
2015-07-25T10:11:13Z,5
2015-07-25T21:00:33Z,6
2015-07-25T23:01:20Z,7
2015-07-25T23:05:47Z,6
2015-07-25T23:06:57Z,5
2015-07-26T19:19:47Z,6
2015-07-26T19:51:07Z,5
2015-07-27T13:46:55Z,6
2015-07-27T13:59:42Z,5
2015-07-27T15:59:14Z,6
2015-07-27T15:59:24Z,5
2015-07-31T00:18:00Z,6
2015-07-31T04:36:43Z,5
2015-08-05T20:59:47Z,6
2015-08-05T21:46:49Z,7
2015-08-06T05:23:16Z,8
2015-08-06T12:49:02Z,9
2015-08-07T10:21:32Z,10
2015-08-10T18:21:19Z,11
2015-08-22T12:44:58Z,12
2015-08-22T13:10:56Z,11
2015-08-22T13:53:59Z,12
2015-08-29T11:08:31Z,13
2015-08-29T12:37:35Z,12
2015-08-31T11:59:50Z,13
2015-08-31T12:03:43Z,12
2015-09-01T12:34:22Z,13
2015-09-02T08:44:13Z,12
2015-09-04T19:16:45Z,13
2015-09-04T19:24:58Z,12
2015-09-13T16:15:18Z,13
2015-09-13T18:25:36Z,12
2015-09-13T20:31:10Z,13
2015-09-13T20:32:50Z,12
2015-09-14T20:26:09Z,13
2015-09-14T20:43:59Z,12
2015-09-14T21:52:02Z,13
2015-09-15T02:15:09Z,12
2015-09-16T19:13:18Z,13
2015-09-16T19:14:07Z,12
2015-09-16T19:41:03Z,13
2015-09-17T11:53:17Z,14
2015-09-17T11:53:43Z,15
2015-09-17T11:53:54Z,16
2015-09-17T13:55:25Z,15
2015-09-19T02:03:18Z,16
2015-09-25T08:11:29Z,17
2015-09-25T08:19:10Z,16
2015-09-25T14:56:22Z,17
2015-09-26T03:50:29Z,18
2015-09-26T03:50:48Z,17
2015-09-26T14:55:44Z,18
2015-09-28T11:49:41Z,19
2015-09-28T15:07:37Z,18
2015-09-28T15:15:50Z,19
2015-09-29T17:29:45Z,20
2015-09-30T13:20:45Z,19
2015-09-30T20:39:04Z,20
2015-10-03T00:14:28Z,21
2015-10-03T00:25:44Z,20
2015-10-03T02:22:02Z,21
2015-10-03T02:32:04Z,20
2015-10-05T20:27:30Z,19
2015-10-07T03:52:49Z,20
2015-10-07T04:06:20Z,19
2015-10-07T04:07:03Z,20
2015-10-07T04:09:26Z,19
2015-10-07T19:05:09Z,20
2015-10-07T19:07:03Z,21
2015-10-07T20:22:04Z,22
2015-10-08T02:38:33Z,23
2015-10-08T17:12:34Z,22
2015-10-08T17:13:24Z,21
2015-10-08T18:07:24Z,20
2015-10-08T20:21:29Z,21
2015-10-08T20:44:02Z,20
2015-10-08T21:39:00Z,21
2015-10-08T23:08:22Z,20
2015-10-09T03:06:11Z,19
2015-10-09T03:06:46Z,18
2015-10-09T21:57:46Z,19
2015-10-09T22:40:04Z,18
2015-10-10T02:48:34Z,17
2015-10-11T12:10:17Z,18
2015-10-11T12:14:48Z,19
2015-10-11T12:43:11Z,18
2015-10-11T12:43:38Z,17
2015-10-11T20:20:59Z,18
2015-10-11T20:56:54Z,17
2015-10-12T04:59:21Z,18
2015-10-12T05:05:24Z,19
2015-10-12T14:45:50Z,20
2015-10-12T16:43:37Z,19
2015-10-12T17:22:37Z,20
2015-10-12T17:31:04Z,21
2015-10-13T03:32:48Z,20
2015-10-13T18:46:41Z,21
2015-10-13T21:13:40Z,20
2015-10-14T02:43:28Z,21
2015-10-14T02:56:27Z,20
2015-10-14T17:33:54Z,21
2015-10-14T21:06:17Z,22
2015-10-14T21:09:00Z,21
2015-10-15T07:11:44Z,22
2015-10-15T07:13:03Z,21
2015-10-15T07:30:00Z,22
2015-10-15T07:37:04Z,21
2015-10-16T12:44:37Z,22
2015-10-17T00:47:21Z,23
2015-10-17T15:08:56Z,22
2015-10-17T17:32:27Z,23
2015-10-17T19:25:57Z,24
2015-10-18T19:42:51Z,23
2015-10-19T01:47:06Z,24
2015-10-19T03:00:00Z,23
2015-10-21T01:46:00Z,24
2015-10-21T03:02:22Z,25
2015-10-21T04:39:17Z,24
2015-10-21T14:24:05Z,25
2015-10-23T16:16:00Z,26
2015-10-23T16:51:47Z,25
2015-10-26T15:59:12Z,26
2015-10-27T10:59:10Z,27
2015-10-27T15:37:27Z,28
2015-10-27T16:35:57Z,29
2015-10-28T08:13:16Z,30
2015-10-28T17:46:40Z,29
2015-10-30T09:57:46Z,30
2015-10-30T09:59:04Z,29
2015-10-30T16:47:28Z,30
2015-10-30T16:59:55Z,29
2015-10-31T14:30:32Z,30
2015-10-31T18:46:34Z,29
2015-10-31T18:47:39Z,28
2015-11-03T21:16:15Z,29
2015-11-03T21:26:21Z,28
2015-11-06T00:42:32Z,29
2015-11-08T18:14:52Z,30
2015-11-08T20:31:24Z,29
2015-11-09T03:10:39Z,30
2015-11-09T03:48:49Z,29
2015-11-09T03:57:52Z,30
2015-11-09T04:00:00Z,29
2015-11-09T04:39:32Z,30
2015-11-09T04:52:38Z,29
2015-11-09T05:23:35Z,30
2015-11-09T05:32:10Z,29
2015-11-09T13:16:05Z,30
2015-11-09T13:35:40Z,29
2015-11-10T03:51:37Z,30
2015-11-10T04:01:35Z,29
2015-11-10T22:23:24Z,30
2015-11-10T22:28:44Z,29
2015-11-11T20:39:53Z,30
2015-11-11T20:50:28Z,29
2015-11-11T21:01:34Z,30
2015-11-11T21:50:47Z,29
2015-11-11T22:54:17Z,30
2015-11-12T16:21:48Z,31
2015-11-12T16:44:13Z,30
2015-11-12T20:16:26Z,31
2015-11-13T09:57:30Z,32
2015-11-13T11:22:19Z,31
2015-11-13T11:38:11Z,30
2015-11-13T13:52:46Z,29
2015-11-16T13:24:47Z,30
2015-11-16T14:19:16Z,29
2015-11-20T03:26:08Z,28
2015-12-14T21:10:41Z,27
2015-12-21T00:53:58Z,26
2015-12-24T05:37:59Z,25
2015-12-24T07:27:29Z,24
2015-12-24T07:48:30Z,23
2016-03-13T22:08:13Z,22
2016-04-16T10:11:18Z,21
2016-04-17T14:40:01Z,20
2016-04-17T15:38:56Z,19
2016-04-20T19:01:10Z,18
2016-06-10T18:06:27Z,17
2016-06-15T16:53:36Z,16
2016-07-01T14:39:10Z,15
2016-07-11T08:57:31Z,14
2016-07-13T12:56:54Z,13
2016-08-08T09:39:23Z,12
2016-09-10T19:17:16Z,13
2016-09-10T19:28:33Z,14
2016-09-11T02:27:26Z,15
2016-09-11T03:50:42Z,14
2016-09-12T03:38:58Z,15
2016-09-13T10:18:12Z,16
2016-09-13T11:47:46Z,15
2016-09-13T18:37:08Z,16
2016-09-14T01:35:21Z,17
2016-09-14T23:12:48Z,18
2016-09-15T10:00:46Z,17
2016-09-15T14:21:52Z,18
2016-09-15T15:14:53Z,17
2016-09-15T16:06:13Z,16
2016-09-16T14:05:41Z,17
2016-09-16T14:08:16Z,16
2016-09-17T15:15:48Z,17
2016-09-17T16:57:07Z,18
2016-09-17T17:03:21Z,17
2016-09-17T17:04:12Z,16
2016-09-17T19:25:27Z,15
2016-09-18T17:17:02Z,16
2016-09-19T18:35:29Z,17
2016-09-20T00:44:22Z,18
2016-09-20T02:00:12Z,19
2016-09-21T07:24:30Z,18
2016-09-23T18:27:02Z,19
2016-09-25T21:55:57Z,18
2016-09-26T13:32:13Z,19
2016-09-26T16:29:22Z,20
2016-09-27T16:15:28Z,21
2016-09-28T16:37:36Z,22
2016-09-28T17:10:21Z,21
2016-09-29T01:08:36Z,22
2016-09-29T01:11:35Z,23
2016-09-29T01:16:48Z,24
2016-09-29T01:24:35Z,25
2016-09-29T13:49:42Z,26
2016-09-29T13:55:29Z,27
2016-09-29T15:15:18Z,28
2016-09-29T15:25:58Z,27
2016-09-30T12:15:18Z,28
2016-09-30T12:15:51Z,29
2016-09-30T23:14:10Z,30
2016-10-01T00:19:09Z,31
2016-10-01T13:56:39Z,30
2016-10-02T12:06:12Z,31
2016-10-02T12:06:20Z,30
2016-10-02T14:04:38Z,31
2016-10-02T14:04:41Z,30
2016-10-02T21:57:45Z,31
2016-10-04T11:24:31Z,32
2016-10-04T15:31:32Z,33
2016-10-04T16:50:22Z,32
2016-10-04T23:26:08Z,31
2016-10-05T03:58:31Z,32
2016-10-05T04:08:58Z,33
2016-10-05T05:25:21Z,34
2016-10-05T05:58:15Z,35
2016-10-05T07:28:55Z,34
2016-10-05T07:32:37Z,33
2016-10-05T07:32:39Z,32
2016-10-05T07:34:27Z,31
2016-10-05T07:36:14Z,30
2016-10-05T20:04:02Z,31
2016-10-05T21:34:28Z,30
2016-10-06T03:18:43Z,31
2016-10-06T04:38:31Z,32
2016-10-06T04:45:36Z,33
2016-10-06T07:53:41Z,32
2016-10-06T08:16:52Z,33
2016-10-06T08:50:21Z,32
2016-10-06T19:23:11Z,31
2016-10-07T11:47:29Z,32
2016-10-08T03:26:01Z,33
2016-10-08T17:29:25Z,32
2016-10-10T13:49:40Z,33
2016-10-10T14:35:43Z,32
2016-10-10T16:31:10Z,33
2016-10-10T16:31:44Z,34
2016-10-10T16:31:58Z,35
2016-10-10T16:32:03Z,34
2016-10-10T16:34:16Z,35
2016-10-10T16:34:37Z,36
2016-10-10T16:34:58Z,37
2016-10-10T16:35:31Z,38
2016-10-10T16:36:07Z,39
2016-10-10T16:36:32Z,40
2016-10-10T18:50:31Z,41
2016-10-10T22:17:55Z,42
2016-10-10T22:51:23Z,43
2016-10-11T07:48:28Z,44
2016-10-11T08:45:22Z,43
2016-10-11T09:59:30Z,44
2016-10-11T10:26:42Z,43
2016-10-11T10:46:40Z,44
2016-10-11T13:54:40Z,45
2016-10-11T19:03:54Z,44
2016-10-12T11:02:11Z,45
2016-10-12T16:15:09Z,44
2016-10-13T14:22:50Z,45
2016-10-13T15:28:04Z,46
2016-10-13T16:15:39Z,47
2016-10-14T04:42:13Z,48
2016-10-14T12:31:15Z,49
2016-10-14T16:06:55Z,48
2016-10-15T15:27:02Z,47
2016-10-16T18:01:04Z,48
2016-10-16T18:19:25Z,47
2016-10-16T18:20:31Z,46
2016-10-18T00:57:06Z,47
2016-10-18T01:07:07Z,46
2016-10-18T03:51:04Z,47
2016-10-18T20:13:32Z,48
2016-10-19T17:14:12Z,49
2016-10-20T13:28:57Z,50
2016-10-20T15:19:49Z,49
2016-10-20T16:22:43Z,50
2016-10-20T16:24:31Z,51
2016-10-20T17:47:29Z,52
2016-10-20T18:58:22Z,53
2016-10-23T19:04:42Z,54
2016-10-23T19:20:37Z,55
2016-10-23T20:01:56Z,56
2016-10-23T22:44:00Z,55
2016-10-23T22:44:12Z,54
2016-10-23T22:44:41Z,53
2016-10-24T21:25:11Z,54
2016-10-24T22:53:55Z,55
2016-10-25T16:00:20Z,56
2016-10-26T08:19:10Z,57
2016-10-26T08:53:59Z,58
2016-10-26T09:49:25Z,57
2016-10-26T09:59:07Z,58
2016-10-26T10:00:11Z,57
2016-10-26T13:24:15Z,56
2016-10-26T13:56:43Z,55
2016-10-26T18:18:46Z,54
2016-10-26T18:18:50Z,53
2016-10-26T18:19:08Z,52
2016-10-26T18:19:11Z,51
2016-10-26T18:19:14Z,50
2016-10-26T18:19:18Z,49
2016-10-26T18:21:47Z,48
2016-10-26T18:23:07Z,49
2016-10-26T20:44:07Z,50
2016-10-27T13:34:02Z,49
2016-10-27T22:15:57Z,50
2016-10-27T23:09:02Z,51
2016-10-27T23:43:51Z,52
2016-10-28T13:20:44Z,53
2016-10-28T14:48:53Z,52
2016-10-28T14:52:04Z,53
2016-10-28T15:31:12Z,54
2016-10-28T16:44:56Z,55
2016-10-28T16:51:54Z,54
2016-10-29T23:47:15Z,55
2016-10-29T23:50:58Z,54
2016-10-29T23:55:52Z,55
2016-10-29T23:57:26Z,56
2016-10-30T00:05:23Z,57
2016-10-30T00:07:06Z,58
2016-10-30T00:12:28Z,59
2016-10-30T00:20:38Z,60
2016-11-04T15:46:34Z,61
2016-11-04T15:51:04Z,60
2016-11-05T13:21:34Z,61
2016-11-05T17:20:32Z,60
2016-11-13T14:09:45Z,59
2016-11-14T01:06:04Z,60
2016-11-14T05:03:49Z,61
2016-11-14T06:34:03Z,62
2016-11-14T12:30:53Z,61
2016-11-14T19:30:53Z,62
2016-11-15T09:56:10Z,61
2016-11-15T19:12:28Z,60
2016-11-15T19:13:56Z,59
2016-11-15T19:16:01Z,58
2016-11-15T19:19:16Z,57
2016-11-15T19:19:17Z,56
2016-11-17T00:00:59Z,57
2016-11-17T12:44:23Z,56
2016-11-18T13:37:32Z,57
2016-11-18T13:39:43Z,56
2016-11-19T18:26:30Z,57
2016-11-19T18:41:27Z,56
2016-11-20T02:25:28Z,57
2016-11-20T02:41:59Z,56
2016-11-20T15:34:26Z,57
2016-11-20T23:59:15Z,58
2016-11-21T01:05:51Z,57
2016-11-21T11:15:30Z,58
2016-11-21T11:58:43Z,57
2016-11-26T03:07:44Z,58
2016-11-26T17:49:29Z,59
2016-11-26T20:06:40Z,58
2016-11-26T23:29:06Z,59
2016-11-27T12:48:10Z,60
2016-11-27T16:56:34Z,61
2016-11-27T22:21:35Z,60
2016-11-28T16:36:33Z,59
2016-11-30T19:43:43Z,58
2016-12-01T22:20:47Z,59
2016-12-01T23:56:48Z,58
2016-12-02T22:43:45Z,57
2016-12-03T09:40:03Z,58
2016-12-03T10:26:14Z,59
2016-12-03T10:26:19Z,58
2016-12-03T14:55:29Z,59
2016-12-03T18:05:56Z,60
2016-12-03T18:51:16Z,59
2016-12-03T21:10:08Z,58
2016-12-04T03:55:02Z,59
2016-12-04T03:55:05Z,58
2016-12-04T06:53:26Z,59
2016-12-04T07:07:31Z,60
2016-12-04T09:09:02Z,61
2016-12-04T13:58:45Z,62
2016-12-04T15:27:11Z,63
2016-12-04T15:49:16Z,62
2016-12-06T13:35:23Z,63
2016-12-06T14:02:16Z,64
2016-12-07T09:30:18Z,65
2016-12-07T09:30:22Z,64
2016-12-07T10:02:27Z,65
2016-12-07T22:00:47Z,66
2016-12-08T00:57:21Z,65
2016-12-08T13:22:43Z,66
2016-12-09T14:04:42Z,65
2016-12-09T14:44:41Z,66
2016-12-09T17:00:55Z,67
2016-12-10T12:04:07Z,68
2016-12-10T12:21:58Z,67
2016-12-10T12:26:06Z,66
2016-12-10T12:52:29Z,65
2016-12-10T13:59:43Z,64
2016-12-10T15:10:17Z,65
2016-12-10T23:18:01Z,64
2016-12-11T04:06:52Z,65
2016-12-11T05:30:34Z,64
2016-12-11T05:45:37Z,63
2016-12-11T12:24:33Z,64
2016-12-11T12:33:24Z,63
2016-12-11T12:48:32Z,62
2016-12-11T19:12:20Z,63
2016-12-11T21:56:31Z,64
2016-12-12T09:00:56Z,63
2016-12-13T02:55:42Z,64
2016-12-13T11:04:47Z,63
2016-12-13T23:40:16Z,64
2016-12-14T08:42:54Z,65
2016-12-14T22:26:11Z,66
2016-12-14T22:29:01Z,67
2016-12-15T17:54:20Z,68
2016-12-15T19:06:07Z,69
2016-12-15T19:41:48Z,70
2016-12-16T20:32:02Z,71
2016-12-16T21:12:12Z,72
2016-12-16T21:13:58Z,73
2016-12-17T12:01:39Z,72
2016-12-17T13:25:31Z,73
2016-12-17T16:16:19Z,72
2016-12-18T22:32:30Z,71
2016-12-18T22:35:18Z,70
2016-12-19T07:10:23Z,71
2016-12-19T21:31:20Z,72
2016-12-19T21:44:42Z,73
2016-12-20T07:37:50Z,74
2016-12-20T09:17:19Z,75
2016-12-20T11:39:56Z,76
2016-12-20T14:32:46Z,75
2016-12-20T14:59:32Z,74
2016-12-20T15:00:08Z,73
2016-12-20T15:12:56Z,72
2016-12-21T17:38:58Z,73
2016-12-21T19:20:18Z,72
2016-12-21T19:24:05Z,73
2016-12-21T21:15:34Z,72
2016-12-21T21:41:40Z,71
2016-12-21T22:53:12Z,72
2016-12-22T02:46:50Z,73
2016-12-22T06:09:49Z,74
2016-12-22T07:48:20Z,75
2016-12-22T08:07:46Z,74
2016-12-22T17:53:04Z,75
2016-12-22T17:53:14Z,74
2016-12-22T22:19:17Z,73
2016-12-23T03:13:11Z,74
2016-12-23T04:35:44Z,73
2016-12-23T10:00:04Z,74
2016-12-24T00:48:58Z,73
2016-12-24T02:40:20Z,74
2016-12-24T22:48:22Z,75
2016-12-24T22:51:19Z,76
2016-12-24T23:26:25Z,75
2016-12-24T23:51:14Z,74
2016-12-25T00:05:47Z,75
2016-12-25T00:05:53Z,74
2016-12-25T00:52:17Z,75
2016-12-25T01:16:33Z,76
2016-12-25T21:43:23Z,77
2016-12-27T01:46:30Z,78
2016-12-27T10:29:54Z,77
2016-12-27T13:04:06Z,78
2016-12-27T22:10:47Z,79
2016-12-28T19:34:44Z,80
2016-12-28T19:35:35Z,81
2016-12-28T19:38:07Z,82
2016-12-28T19:39:38Z,81
2016-12-28T19:53:43Z,82
2016-12-29T16:03:26Z,83
2016-12-30T22:43:13Z,84
2016-12-31T01:12:13Z,85
2016-12-31T01:15:22Z,86
2016-12-31T01:41:58Z,85
2016-12-31T01:52:29Z,84
2016-12-31T01:56:36Z,85
2016-12-31T03:44:14Z,84
2016-12-31T03:45:52Z,83
2016-12-31T07:39:46Z,84
2016-12-31T11:19:18Z,85
2016-12-31T11:24:07Z,86
2016-12-31T16:49:20Z,87
2017-01-01T01:22:49Z,88
2017-01-01T03:35:44Z,89
2017-01-01T18:19:48Z,88
2017-01-02T02:17:42Z,89
2017-01-02T08:58:48Z,88
2017-01-02T13:25:52Z,89
2017-01-02T15:47:27Z,90
2017-01-02T18:53:55Z,91
2017-01-02T19:00:33Z,92
2017-01-02T19:03:26Z,93
2017-01-02T19:05:22Z,94
2017-01-02T20:32:54Z,95
2017-01-02T21:40:25Z,96
2017-01-03T18:51:19Z,95
2017-01-03T19:09:25Z,96
2017-01-04T06:49:48Z,97
2017-01-04T07:53:04Z,98
2017-01-04T14:30:05Z,97
2017-01-04T14:31:38Z,98
2017-01-04T14:31:42Z,99
2017-01-04T14:32:54Z,98
2017-01-04T14:33:02Z,97
2017-01-04T21:08:11Z,98
2017-01-05T00:43:52Z,99
2017-01-05T01:29:31Z,98
2017-01-05T11:01:52Z,97
2017-01-05T11:29:31Z,98
2017-01-05T11:31:12Z,99
2017-01-05T13:35:23Z,98
2017-01-05T14:01:29Z,99
2017-01-05T14:01:37Z,98
2017-01-05T19:45:08Z,99
2017-01-05T22:03:48Z,100
2017-01-05T22:36:11Z,101
2017-01-05T22:57:45Z,100
2017-01-06T11:16:10Z,99
2017-01-06T15:32:12Z,100
2017-01-06T15:40:20Z,99
2017-01-07T20:40:05Z,100
2017-01-08T12:25:12Z,99
2017-01-08T20:16:32Z,98
2017-01-08T21:54:05Z,97
2017-01-09T03:23:29Z,98
2017-01-09T03:26:48Z,97
2017-01-09T03:35:11Z,96
2017-01-09T03:36:34Z,95
2017-01-09T03:51:36Z,94
2017-01-09T04:08:13Z,93
2017-01-10T06:38:36Z,94
2017-01-10T14:08:37Z,93
2017-01-10T19:36:57Z,92
2017-01-10T21:54:36Z,93
2017-01-10T21:58:54Z,94
2017-01-10T22:02:59Z,95
2017-01-10T22:07:27Z,96
2017-01-10T22:38:14Z,95
2017-01-11T05:00:24Z,94
2017-01-11T14:25:04Z,95
2017-01-11T20:12:02Z,96
2017-01-12T23:01:50Z,97
2017-01-13T03:38:10Z,98
2017-01-13T04:36:46Z,99
2017-01-13T07:50:29Z,98
2017-01-13T21:36:20Z,99
2017-01-14T17:05:22Z,100
2017-01-14T17:06:31Z,99
2017-01-14T18:58:03Z,100
2017-01-16T05:51:57Z,101
2017-01-16T15:47:26Z,100
2017-01-16T15:51:06Z,101
2017-01-16T15:51:10Z,100
2017-01-16T19:12:03Z,101
2017-01-16T19:54:00Z,102
2017-01-17T12:12:44Z,103
2017-01-17T12:13:05Z,102
2017-01-17T15:55:42Z,103
2017-01-19T01:55:46Z,104
2017-01-19T02:07:54Z,105
2017-01-19T20:11:46Z,106
2017-01-20T08:28:42Z,107
2017-01-20T10:54:08Z,108
2017-01-20T10:58:20Z,107
2017-01-20T15:24:30Z,108
2017-01-20T16:55:53Z,107
2017-01-21T05:31:57Z,108
2017-01-21T05:37:05Z,109
2017-01-21T06:20:46Z,110
2017-01-21T16:39:28Z,109
2017-01-21T16:54:20Z,108
2017-01-22T21:32:48Z,109
2017-01-23T06:45:30Z,108
2017-01-23T14:16:43Z,109
2017-01-23T14:39:51Z,108
2017-01-23T14:41:09Z,107
2017-01-23T15:23:23Z,108
2017-01-23T15:27:01Z,109
2017-01-23T15:33:12Z,110
2017-01-23T15:33:45Z,109
2017-01-23T16:42:59Z,110
2017-01-23T16:59:31Z,109
2017-01-23T19:44:00Z,110
2017-01-23T20:44:05Z,109
2017-01-24T01:21:12Z,108
2017-01-24T01:46:00Z,109
2017-01-24T21:31:30Z,110
2017-01-24T21:52:54Z,111
2017-01-24T21:57:57Z,110
2017-01-24T22:19:01Z,109
2017-01-24T23:06:18Z,108
2017-01-24T23:31:34Z,107
2017-01-25T07:45:02Z,108
2017-01-26T17:29:30Z,109
2017-01-28T05:38:44Z,110
2017-01-28T22:32:50Z,109
2017-01-29T03:15:50Z,110
2017-01-29T03:18:50Z,109
2017-01-29T18:52:38Z,110
2017-01-29T18:57:02Z,109
2017-01-30T02:22:51Z,110
2017-01-30T02:25:42Z,109
2017-01-30T08:57:55Z,110
2017-01-31T00:47:24Z,109
2017-01-31T00:57:44Z,110
2017-01-31T01:12:47Z,109
2017-01-31T01:37:35Z,108
2017-01-31T06:20:29Z,109
2017-01-31T17:59:30Z,108
2017-02-01T08:54:33Z,109
2017-02-01T16:12:26Z,108
2017-02-01T16:17:03Z,109
2017-02-01T19:20:52Z,108
2017-02-01T20:03:15Z,107
2017-02-01T20:29:55Z,106
2017-02-01T22:03:49Z,107
2017-02-02T20:39:51Z,106
2017-02-02T22:22:03Z,107
2017-02-02T23:40:02Z,108
2017-02-03T03:08:29Z,107
2017-02-03T11:59:34Z,108
2017-02-03T18:15:30Z,109
2017-02-03T19:40:06Z,110
2017-02-03T21:45:06Z,109
2017-02-03T22:56:13Z,110
2017-02-04T05:45:40Z,111
2017-02-04T16:21:48Z,112
2017-02-04T18:46:49Z,113
2017-02-05T04:48:41Z,112
2017-02-06T17:38:44Z,111
2017-02-07T14:27:08Z,112
2017-02-08T23:37:34Z,113
2017-02-09T06:40:07Z,114
2017-02-10T15:44:44Z,115
2017-02-11T02:56:31Z,116
2017-02-11T19:31:15Z,115
2017-02-12T11:03:51Z,114
2017-02-12T12:45:17Z,113
2017-02-12T13:17:24Z,112
2017-02-12T13:25:13Z,111
2017-02-12T13:57:27Z,110
2017-02-12T14:25:39Z,111
2017-02-12T14:35:28Z,112
2017-02-12T14:46:37Z,113
2017-02-12T15:14:28Z,114
2017-02-12T15:22:08Z,113
2017-02-12T15:46:54Z,112
2017-02-12T18:38:36Z,111
2017-02-13T17:11:09Z,112
2017-02-13T20:19:12Z,113
2017-02-13T22:53:25Z,114
2017-02-13T22:57:05Z,115
2017-02-15T21:38:14Z,116
2017-02-15T21:40:02Z,115
2017-02-15T21:41:13Z,116
2017-02-16T15:43:49Z,117
2017-02-16T17:14:30Z,116
2017-02-16T18:13:37Z,115
2017-02-16T18:14:40Z,114
2017-02-16T23:26:42Z,113
2017-02-17T14:03:47Z,112
2017-02-17T14:11:53Z,111
2017-02-17T23:30:22Z,112
2017-02-18T01:05:55Z,113
2017-02-19T08:26:30Z,114
2017-02-19T08:26:36Z,113
2017-02-19T16:15:18Z,114
2017-02-19T16:52:01Z,113
2017-02-19T17:04:25Z,112
2017-02-19T19:10:18Z,111
2017-02-19T19:20:35Z,110
2017-02-19T19:30:59Z,109
2017-02-20T01:56:13Z,110
2017-02-20T05:26:19Z,111
2017-02-20T06:43:10Z,112
2017-02-20T15:48:01Z,113
2017-02-20T16:03:22Z,114
2017-02-20T16:03:29Z,113
2017-02-20T16:03:30Z,112
2017-02-20T19:36:54Z,113
2017-02-20T23:43:00Z,114
2017-02-20T23:43:05Z,113
2017-02-21T14:05:26Z,112
2017-02-21T16:50:40Z,113
2017-02-21T19:33:08Z,112
2017-02-22T16:32:05Z,111
2017-02-23T15:21:35Z,112
2017-02-23T20:50:18Z,113
2017-02-23T20:58:45Z,114
2017-02-24T19:58:59Z,115
2017-02-24T20:35:18Z,116
2017-02-24T21:01:03Z,117
2017-02-26T03:31:39Z,118
2017-02-26T16:22:11Z,119
2017-02-26T20:12:02Z,120
2017-02-26T20:14:51Z,119
2017-02-26T21:29:46Z,120
2017-02-27T07:55:56Z,121
2017-02-27T15:42:51Z,122
2017-02-27T22:33:50Z,123
2017-02-28T21:38:40Z,122
2017-02-28T21:38:48Z,121
2017-02-28T22:06:05Z,122
2017-03-01T02:09:01Z,123
2017-03-02T11:09:27Z,124
2017-03-02T15:27:44Z,123
2017-03-03T16:28:44Z,124
2017-03-04T02:32:15Z,123
2017-03-04T03:48:43Z,124
2017-03-04T15:33:19Z,125
2017-03-04T15:48:38Z,126
2017-03-04T16:09:35Z,125
2017-03-04T18:11:43Z,126
2017-03-05T09:11:04Z,127
2017-03-05T13:01:02Z,128
2017-03-05T19:19:05Z,127
2017-03-05T19:53:59Z,128
2017-03-06T09:48:58Z,127
2017-03-06T13:41:24Z,128
2017-03-06T16:59:30Z,129
2017-03-06T19:44:22Z,130
2017-03-06T19:53:01Z,129
2017-03-07T18:18:36Z,130
2017-03-07T18:20:06Z,129
2017-03-07T19:21:10Z,130
2017-03-07T19:52:18Z,129
2017-03-09T14:06:15Z,130
2017-03-09T15:31:33Z,131
2017-03-09T19:38:13Z,130
2017-03-11T11:37:53Z,131
2017-03-12T15:58:26Z,130
2017-03-12T16:14:30Z,131
2017-03-13T13:07:35Z,132
2017-03-13T13:08:37Z,131
2017-03-14T12:31:36Z,132
2017-03-14T21:30:51Z,131
2017-03-14T22:13:23Z,132
2017-03-14T22:53:27Z,133
2017-03-15T13:25:35Z,132
2017-03-16T12:06:22Z,133
2017-03-16T12:06:30Z,132
2017-03-16T12:07:54Z,131
2017-03-16T19:14:54Z,132
2017-03-17T20:23:17Z,131
2017-03-18T17:25:50Z,130
2017-03-19T15:11:21Z,131
2017-03-19T16:58:22Z,130
2017-03-20T16:06:29Z,131
2017-03-20T16:16:28Z,130
2017-03-20T17:35:27Z,131
2017-03-21T02:46:12Z,132
2017-03-21T10:24:19Z,131
2017-03-23T16:49:16Z,132
2017-03-25T00:15:48Z,131
2017-03-25T00:22:30Z,130
2017-03-25T14:52:37Z,131
2017-03-26T04:47:09Z,132
2017-03-26T17:16:40Z,133
2017-03-27T08:45:51Z,134
2017-03-28T16:02:22Z,135
2017-03-28T16:02:26Z,134
2017-03-30T21:33:33Z,135
2017-03-31T09:41:01Z,134
2017-04-01T20:34:52Z,135
2017-04-02T13:59:32Z,136
2017-04-03T01:31:27Z,137
2017-04-03T14:40:43Z,136
2017-04-04T19:27:10Z,137
2017-04-05T17:41:07Z,136
2017-04-06T17:44:02Z,137
2017-04-06T17:44:07Z,136
2017-04-07T11:23:18Z,137
2017-04-07T12:06:13Z,138
2017-04-07T14:53:39Z,139
2017-04-07T17:36:40Z,140
2017-04-08T14:42:53Z,141
2017-04-08T23:12:39Z,142
2017-04-09T00:04:25Z,143
2017-04-09T00:06:59Z,144
2017-04-09T19:41:28Z,145
2017-04-09T20:37:48Z,146
2017-04-10T21:53:22Z,147
2017-04-10T22:39:11Z,148
2017-04-11T15:18:26Z,149
2017-04-13T10:23:02Z,150
2017-04-13T11:22:42Z,149
2017-04-13T11:30:20Z,148
2017-04-13T12:06:28Z,147
2017-04-16T07:06:37Z,146
2017-04-16T07:07:57Z,145
2017-04-16T07:18:04Z,144
2017-04-16T09:56:18Z,143
2017-04-17T10:17:59Z,144
2017-04-17T12:07:03Z,143
2017-04-17T14:13:46Z,144
2017-04-17T22:18:30Z,145
2017-04-19T02:50:44Z,146
2017-04-22T05:27:47Z,147
2017-04-22T20:48:41Z,148
2017-04-24T07:28:38Z,149
2017-04-24T07:30:09Z,148
2017-04-24T07:49:28Z,149
2017-04-24T07:51:11Z,148
2017-04-24T22:12:21Z,149
2017-04-24T22:45:45Z,150
2017-04-25T01:23:21Z,151
2017-04-29T00:38:27Z,152
2017-04-29T02:07:36Z,151
2017-04-29T14:03:07Z,152
2017-04-30T13:22:29Z,151
2017-05-03T12:59:24Z,152
2017-05-05T18:26:25Z,153
2017-05-05T18:34:20Z,152
2017-05-05T18:51:58Z,151
2017-05-05T18:52:26Z,152
2017-05-05T19:10:35Z,151
2017-05-05T22:34:54Z,152
2017-05-05T22:45:10Z,151
2017-05-05T23:19:03Z,150
2017-05-05T23:49:02Z,149
2017-05-06T01:52:17Z,148
2017-05-06T02:06:07Z,147
2017-05-06T02:13:59Z,146
2017-05-06T02:37:39Z,145
2017-05-06T03:10:21Z,144
2017-05-06T05:24:47Z,143
2017-05-06T05:34:34Z,142
2017-05-06T08:30:06Z,141
2017-05-06T08:32:03Z,140
2017-05-06T09:57:09Z,139
2017-05-08T09:40:36Z,140
2017-05-08T11:39:25Z,139
2017-05-08T18:47:05Z,140
2017-05-11T17:54:22Z,141
2017-05-11T18:36:43Z,142
2017-05-12T10:17:29Z,141
2017-05-13T02:02:01Z,142
2017-05-13T17:43:39Z,143
2017-05-13T19:01:21Z,144
2017-05-15T02:43:23Z,145
2017-05-15T10:56:09Z,146
2017-05-15T11:57:33Z,145
2017-05-16T08:17:51Z,146
2017-05-16T19:08:59Z,147
2017-05-16T22:37:18Z,148
2017-05-17T13:53:57Z,149
2017-05-17T13:55:36Z,150
2017-05-18T05:21:11Z,151
2017-05-18T05:46:56Z,150
2017-05-18T12:41:00Z,149
2017-05-18T12:43:19Z,148
2017-05-18T22:56:40Z,149
2017-05-18T23:11:33Z,148
2017-05-19T20:05:28Z,149
2017-05-19T22:18:57Z,148
2017-05-20T13:33:06Z,149
2017-05-20T13:59:24Z,148
2017-05-20T14:16:55Z,149
2017-05-20T14:17:10Z,148
2017-05-20T14:30:10Z,149
2017-05-20T14:30:18Z,148
2017-05-20T14:36:34Z,149
2017-05-20T14:36:47Z,148
2017-05-20T16:20:47Z,149
2017-05-20T16:21:01Z,148
2017-05-22T17:52:39Z,149
2017-05-22T17:55:33Z,150
2017-05-22T21:29:29Z,149
2017-05-22T21:30:28Z,148
2017-05-23T01:11:34Z,149
2017-05-23T08:26:52Z,148
2017-05-23T13:38:26Z,149
2017-05-23T13:39:44Z,148
2017-05-23T14:38:23Z,149
2017-05-23T14:39:06Z,150
2017-05-23T17:52:27Z,151
2017-05-23T17:52:50Z,150
2017-05-24T00:42:05Z,151
2017-05-24T01:22:55Z,150
2017-05-24T01:51:17Z,151
2017-05-24T04:11:20Z,150
2017-05-24T11:06:39Z,151
2017-05-24T12:27:53Z,152
2017-05-24T13:53:42Z,153
2017-05-24T18:15:19Z,152
2017-05-24T18:18:36Z,151
2017-05-25T05:33:41Z,152
2017-05-25T05:34:50Z,151
2017-05-25T12:46:41Z,152
2017-05-25T21:40:22Z,153
2017-05-25T23:21:11Z,152
2017-05-26T00:06:18Z,153
2017-05-26T00:48:31Z,152
2017-05-26T15:27:45Z,153
2017-05-26T17:49:45Z,154
2017-05-26T20:03:54Z,155
2017-05-26T22:23:03Z,156
2017-05-26T22:24:40Z,157
2017-05-27T07:03:32Z,158
2017-05-27T22:36:24Z,159
2017-05-28T01:20:43Z,160
2017-05-28T02:16:10Z,161
2017-05-28T05:24:05Z,162
2017-05-28T16:58:07Z,161
2017-05-28T20:31:15Z,162
2017-05-28T20:36:07Z,163
2017-05-29T19:53:29Z,162
2017-05-30T14:23:45Z,163
2017-05-30T14:32:53Z,164
2017-05-30T14:33:22Z,165
2017-05-30T14:33:50Z,166
2017-05-30T14:34:20Z,167
2017-05-30T14:46:15Z,166
2017-05-30T17:02:08Z,165
2017-05-30T17:38:22Z,164
2017-05-30T20:29:14Z,163
2017-05-30T20:37:00Z,162
2017-05-31T00:07:59Z,161
2017-05-31T01:10:50Z,160
2017-05-31T01:11:04Z,159
2017-05-31T01:11:16Z,158
2017-05-31T14:30:29Z,157
2017-06-01T14:52:28Z,158
2017-06-01T15:41:00Z,157
2017-06-01T17:33:48Z,158
2017-06-01T21:53:49Z,159
2017-06-03T11:28:25Z,158
2017-06-03T22:13:29Z,159
2017-06-04T08:10:24Z,160
2017-06-05T12:14:23Z,161
2017-06-05T15:00:13Z,162
2017-06-05T15:04:57Z,161
2017-06-06T00:52:59Z,162
2017-06-06T01:28:57Z,163
2017-06-06T03:22:52Z,162
2017-06-06T05:22:55Z,163
2017-06-06T10:54:03Z,164
2017-06-06T10:56:42Z,165
2017-06-06T11:01:56Z,164
2017-06-06T12:09:13Z,163
2017-06-06T12:31:55Z,164
2017-06-06T18:32:30Z,165
2017-06-06T21:49:43Z,166
2017-06-06T22:24:55Z,165
2017-06-06T22:31:07Z,164
2017-06-06T22:39:10Z,163
2017-06-07T17:05:40Z,164
2017-06-08T13:45:29Z,163
2017-06-08T14:08:57Z,162
2017-06-08T16:30:50Z,163
2017-06-09T13:04:37Z,164
2017-06-09T13:05:43Z,165
2017-06-09T13:22:23Z,164
2017-06-09T15:29:52Z,165
2017-06-10T12:10:00Z,164
2017-06-10T13:03:53Z,163
2017-06-10T14:59:36Z,162
2017-06-11T02:52:15Z,163
2017-06-11T03:28:38Z,162
2017-06-12T12:10:52Z,163
2017-06-12T12:52:38Z,164
2017-06-12T21:12:17Z,165
2017-06-12T21:13:55Z,166
2017-06-14T20:45:21Z,167
2017-06-14T20:47:38Z,166
2017-06-15T12:14:30Z,167
2017-06-15T12:17:56Z,168
2017-06-15T12:33:14Z,167
2017-06-15T13:23:21Z,166
2017-06-15T15:06:49Z,165
2017-06-15T15:14:03Z,166
2017-06-15T19:16:19Z,165
2017-06-16T00:28:07Z,166
2017-06-16T19:25:07Z,165
2017-06-17T19:16:03Z,164
2017-06-17T21:42:12Z,163
2017-06-20T04:17:54Z,164
2017-06-20T04:19:23Z,163
2017-06-20T05:46:40Z,164
2017-06-20T06:02:36Z,163
2017-06-20T06:17:28Z,164
2017-06-20T06:45:54Z,163
2017-06-20T06:48:27Z,162
2017-06-20T06:55:45Z,163
2017-06-20T15:35:31Z,164
2017-06-20T15:36:07Z,165
2017-06-21T15:31:03Z,166
2017-06-21T15:33:01Z,167
2017-06-21T15:44:57Z,168
2017-06-23T19:44:31Z,167
2017-06-23T19:48:04Z,168
2017-06-24T23:24:20Z,167
2017-06-25T23:26:32Z,166
2017-06-26T00:59:44Z,167
2017-06-26T02:19:09Z,166
2017-06-27T13:37:48Z,167
2017-06-27T16:42:25Z,168
2017-06-27T17:00:03Z,167
2017-06-27T20:30:54Z,166
2017-06-29T07:12:26Z,167
2017-06-29T11:04:32Z,168
2017-06-29T20:12:19Z,169
2017-06-29T22:44:07Z,168
2017-06-30T14:01:37Z,169
2017-07-01T13:15:03Z,170
2017-07-01T18:25:22Z,171
2017-07-01T19:20:31Z,172
2017-07-02T12:14:42Z,171
2017-07-02T16:49:12Z,172
2017-07-02T22:26:26Z,171
2017-07-02T22:42:27Z,172
2017-07-04T15:15:24Z,173
2017-07-04T15:39:19Z,172
2017-07-04T20:32:18Z,173
2017-07-04T21:55:17Z,172
2017-07-04T23:09:25Z,173
2017-07-04T23:14:29Z,172
2017-07-04T23:38:23Z,173
2017-07-04T23:47:41Z,172
2017-07-05T00:45:58Z,171
2017-07-05T03:05:50Z,172
2017-07-05T22:31:06Z,173
2017-07-07T02:20:43Z,174
2017-07-07T02:25:00Z,175
2017-07-07T02:32:13Z,174
2017-07-09T17:37:56Z,173
2017-07-09T17:40:06Z,174
2017-07-09T18:21:47Z,175
2017-07-09T18:32:23Z,174
2017-07-09T19:18:35Z,173
2017-07-09T19:41:05Z,172
2017-07-10T21:49:46Z,173
2017-07-17T05:17:35Z,174
2017-07-17T05:19:15Z,173
2017-07-18T14:42:29Z,174
2017-07-18T15:57:05Z,173
2017-07-18T18:15:30Z,174
2017-07-18T21:03:32Z,175
2017-07-19T13:13:15Z,174
2017-07-20T18:38:00Z,175
2017-07-21T17:38:32Z,174
2017-07-23T13:09:01Z,175
2017-07-24T23:29:20Z,174
2017-07-25T09:35:04Z,175
2017-07-25T11:05:57Z,174
2017-07-25T12:52:05Z,175
2017-07-26T18:05:59Z,176
2017-07-26T20:58:55Z,175
2017-07-27T00:19:59Z,174
2017-07-27T02:25:59Z,173
2017-07-27T12:20:03Z,174
2017-07-28T02:04:40Z,175
2017-07-29T07:32:56Z,176
2017-07-29T15:02:01Z,177
2017-07-31T11:56:32Z,178
2017-08-02T12:50:40Z,179
2017-08-02T12:52:36Z,178
2017-08-02T19:34:47Z,179
2017-08-02T23:12:59Z,178
2017-08-02T23:22:07Z,177
2017-08-03T18:05:25Z,178
2017-08-04T11:54:18Z,179
2017-08-07T00:35:34Z,178
2017-08-07T00:42:19Z,177
2017-08-07T01:11:18Z,176
2017-08-07T08:14:14Z,177
2017-08-07T09:23:34Z,178
2017-08-07T12:00:38Z,179
2017-08-07T15:11:08Z,180
2017-08-07T16:40:43Z,179
2017-08-07T17:46:15Z,180
2017-08-07T18:55:41Z,181
2017-08-07T22:27:51Z,180
2017-08-08T00:24:01Z,179
2017-08-08T00:29:32Z,178
2017-08-08T00:33:09Z,177
2017-08-08T00:42:21Z,176
2017-08-08T00:50:26Z,175
2017-08-08T13:11:34Z,176
2017-08-08T19:40:49Z,177
2017-08-08T19:42:00Z,178
2017-08-08T21:39:15Z,177
2017-08-09T04:17:59Z,176
2017-08-10T16:59:40Z,177
2017-08-13T12:14:46Z,178
2017-08-13T12:19:36Z,179
2017-08-14T07:49:46Z,180
2017-08-14T08:30:03Z,181
2017-08-14T22:51:20Z,182
2017-08-15T00:35:25Z,181
2017-08-15T12:28:32Z,182
2017-08-15T16:50:46Z,183
2017-08-15T19:08:43Z,184
2017-08-15T19:19:58Z,183
2017-08-15T19:28:51Z,182
2017-08-15T19:39:03Z,181
2017-08-16T04:09:45Z,182
2017-08-16T12:49:42Z,181
2017-08-16T21:30:15Z,182
2017-08-17T12:40:25Z,183
2017-08-17T13:53:32Z,184
2017-08-17T14:31:50Z,183
2017-08-18T13:11:12Z,184
2017-08-19T03:03:31Z,183
2017-08-19T08:40:07Z,184
2017-08-19T13:17:43Z,185
2017-08-19T18:01:56Z,184
2017-08-19T18:02:54Z,183
2017-08-19T18:10:23Z,182
2017-08-19T18:25:13Z,181
2017-08-19T21:43:24Z,182
2017-08-20T16:31:02Z,183
2017-08-20T20:09:10Z,184
2017-08-21T16:41:31Z,185
2017-08-21T17:19:54Z,186
2017-08-22T02:09:49Z,185
2017-08-22T02:12:27Z,184
2017-08-22T17:32:46Z,185
2017-08-22T22:44:20Z,186
2017-08-23T11:33:12Z,187
2017-08-23T15:22:56Z,188
2017-08-23T19:39:36Z,189
2017-08-24T02:23:54Z,190
2017-08-24T12:45:57Z,191
2017-08-24T17:53:44Z,190
2017-08-24T18:12:53Z,189
2017-08-24T18:57:34Z,188
2017-08-27T14:17:52Z,189
2017-08-27T19:49:51Z,190
2017-08-28T01:08:36Z,191
2017-08-28T01:31:56Z,190
2017-08-29T10:07:55Z,191
2017-08-29T16:13:23Z,192
2017-08-29T16:16:03Z,191
2017-08-29T16:16:47Z,190
2017-08-29T21:57:34Z,191
2017-08-30T21:04:25Z,192
2017-08-30T23:14:51Z,193
2017-08-31T08:46:59Z,194
2017-08-31T18:19:43Z,195
2017-08-31T19:00:21Z,196
2017-08-31T19:16:04Z,195
2017-08-31T19:33:48Z,194
2017-08-31T19:48:09Z,193
2017-08-31T20:24:25Z,192
2017-08-31T23:24:51Z,193
2017-09-01T12:42:52Z,192
2017-09-01T12:50:12Z,191
2017-09-01T15:58:57Z,190
2017-09-01T16:08:22Z,189
2017-09-01T16:08:51Z,188
2017-09-01T17:05:59Z,187
2017-09-01T17:09:20Z,186
2017-09-01T17:14:29Z,185
2017-09-01T17:21:01Z,184
2017-09-01T19:01:32Z,185
2017-09-01T19:01:40Z,184
2017-09-01T19:02:30Z,183
2017-09-01T19:07:59Z,184
2017-09-01T19:09:02Z,183
2017-09-01T19:31:43Z,182
2017-09-01T20:17:22Z,181
2017-09-01T22:17:58Z,180
2017-09-01T22:34:55Z,179
2017-09-01T22:57:09Z,180
2017-09-01T23:58:12Z,179
2017-09-02T00:12:01Z,180
2017-09-02T00:46:32Z,181
2017-09-02T01:27:30Z,180
2017-09-02T03:56:23Z,181
2017-09-02T05:59:39Z,182
2017-09-02T06:03:01Z,183
2017-09-02T06:09:07Z,182
2017-09-02T06:11:45Z,183
2017-09-02T06:19:47Z,184
2017-09-02T06:22:23Z,183
2017-09-02T06:29:43Z,184
2017-09-02T06:35:42Z,183
2017-09-02T06:55:49Z,184
2017-09-02T06:57:09Z,185
2017-09-02T07:22:30Z,186
2017-09-02T08:50:54Z,187
2017-09-02T09:36:59Z,186
2017-09-02T09:41:35Z,187
2017-09-02T09:43:24Z,186
2017-09-02T09:43:25Z,185
2017-09-02T09:44:18Z,186
2017-09-02T09:55:20Z,187
2017-09-02T12:25:29Z,186
2017-09-02T12:30:20Z,185
2017-09-02T12:54:35Z,184
2017-09-02T12:55:58Z,183
2017-09-02T13:45:49Z,182
2017-09-02T13:45:50Z,181
2017-09-02T14:05:29Z,180
2017-09-02T14:57:59Z,179
2017-09-02T15:59:27Z,180
2017-09-02T16:04:48Z,179
2017-09-02T16:05:58Z,180
2017-09-02T18:45:56Z,181
2017-09-02T18:53:15Z,182
2017-09-02T19:11:53Z,181
2017-09-02T20:10:04Z,182
2017-09-02T20:13:37Z,181
2017-09-02T20:18:04Z,182
2017-09-02T23:11:24Z,183
2017-09-02T23:22:44Z,184
2017-09-02T23:49:27Z,183
2017-09-02T23:58:16Z,184
2017-09-03T00:13:41Z,185
2017-09-03T00:18:28Z,186
2017-09-03T00:19:44Z,187
2017-09-03T00:23:53Z,186
2017-09-03T00:25:03Z,187
2017-09-03T00:30:35Z,188
2017-09-03T01:08:23Z,187
2017-09-03T01:14:50Z,188
2017-09-03T01:19:36Z,189
2017-09-03T01:20:12Z,188
2017-09-03T01:39:43Z,189
2017-09-03T01:43:05Z,188
2017-09-03T01:44:50Z,189
2017-09-03T01:53:43Z,190
2017-09-03T02:15:58Z,189
2017-09-03T03:35:57Z,188
2017-09-03T03:53:20Z,189
2017-09-03T04:31:35Z,190
2017-09-03T04:57:29Z,189
2017-09-03T05:07:11Z,190
2017-09-03T05:43:39Z,189
2017-09-03T06:45:56Z,190
2017-09-03T06:47:46Z,189
2017-09-03T06:48:23Z,188
2017-09-03T06:58:16Z,187
2017-09-03T08:11:55Z,188
2017-09-03T08:26:09Z,187
2017-09-03T08:46:43Z,188
2017-09-03T09:06:31Z,189
2017-09-03T09:48:14Z,188
2017-09-03T10:56:38Z,189
2017-09-03T11:38:08Z,188
2017-09-03T12:39:37Z,187
2017-09-03T12:39:38Z,186
2017-09-03T12:42:30Z,185
2017-09-03T12:42:31Z,184
2017-09-03T15:18:04Z,185
2017-09-03T16:39:02Z,186
2017-09-03T17:32:29Z,185
2017-09-03T17:32:30Z,184
2017-09-03T19:33:00Z,183
2017-09-03T22:08:11Z,184
2017-09-03T22:09:27Z,185
2017-09-03T22:09:49Z,184
2017-09-04T09:32:03Z,185
2017-09-04T13:02:24Z,186
2017-09-04T23:33:13Z,185
2017-09-05T02:12:03Z,186
2017-09-05T12:36:33Z,187
2017-09-05T12:50:11Z,188
2017-09-05T13:18:49Z,187
2017-09-05T13:22:25Z,186
2017-09-05T13:26:43Z,185
2017-09-05T13:27:31Z,184
2017-09-05T15:36:32Z,183
2017-09-05T15:41:44Z,182
2017-09-05T16:12:44Z,181
2017-09-05T16:53:37Z,182
2017-09-05T20:12:33Z,183
2017-09-06T03:28:50Z,182
2017-09-06T04:50:13Z,181
2017-09-06T16:26:36Z,182
2017-09-07T05:38:00Z,183
2017-09-08T08:34:16Z,182
2017-09-08T09:22:40Z,183
2017-09-08T18:56:51Z,182
2017-09-09T03:48:53Z,183
2017-09-09T04:12:20Z,182
2017-09-09T10:47:15Z,183
2017-09-09T11:24:51Z,182
2017-09-09T12:46:27Z,183
2017-09-10T11:25:51Z,184
2017-09-10T11:31:51Z,185
2017-09-10T11:46:12Z,186
2017-09-10T11:58:42Z,187
2017-09-11T01:47:43Z,186
2017-09-11T17:59:54Z,187
2017-09-13T11:30:25Z,188
2017-09-13T11:32:16Z,189
2017-09-14T13:33:55Z,190
2017-09-14T16:20:40Z,191
2017-09-14T23:46:40Z,192
2017-09-16T06:39:00Z,193
2017-09-16T07:39:27Z,194
2017-09-16T08:37:14Z,195
2017-09-16T15:53:01Z,196
2017-09-16T21:35:25Z,197
2017-09-16T23:52:25Z,198
2017-09-17T09:58:36Z,199
2017-09-17T11:02:50Z,200
2017-09-17T12:58:31Z,199
2017-09-17T13:08:58Z,200
2017-09-17T13:22:05Z,201
2017-09-17T13:36:26Z,200
2017-09-17T18:01:28Z,201
2017-09-18T15:04:16Z,202
2017-09-18T16:58:40Z,201
2017-09-19T15:16:01Z,200
2017-09-19T15:16:03Z,199
2017-09-19T17:54:43Z,200
2017-09-20T08:44:22Z,201
2017-09-21T08:47:50Z,202
2017-09-21T11:50:23Z,203
2017-09-21T19:54:58Z,202
2017-09-23T09:14:29Z,203
2017-09-23T09:16:12Z,204
2017-09-23T09:27:39Z,205
2017-09-23T13:19:30Z,206
2017-09-23T21:28:24Z,207
2017-09-23T23:13:26Z,208
2017-09-23T23:22:18Z,207
2017-09-24T03:21:03Z,208
2017-09-24T20:08:33Z,209
2017-09-24T20:35:42Z,208
2017-09-25T10:19:23Z,207
2017-09-25T17:11:12Z,208
2017-09-25T21:45:05Z,209
2017-09-27T12:02:18Z,210
2017-09-27T12:04:38Z,209
2017-09-27T23:29:58Z,208
2017-09-29T05:11:18Z,209
2017-09-29T19:32:04Z,210
2017-09-29T23:02:07Z,211
2017-09-29T23:33:32Z,210
2017-10-02T12:22:05Z,209
2017-10-02T12:26:08Z,210
2017-10-02T13:31:34Z,209
2017-10-02T16:18:34Z,210
2017-10-02T18:06:04Z,209
2017-10-05T03:15:46Z,210
2017-10-05T05:54:11Z,211
2017-10-07T20:42:55Z,212
2017-10-07T21:45:03Z,211
2017-10-08T03:18:32Z,212
2017-10-08T16:18:39Z,213
2017-10-09T12:00:50Z,214
2017-10-10T09:25:55Z,213
2017-10-10T11:47:23Z,214
2017-10-10T12:26:19Z,215
2017-10-10T12:57:50Z,216
2017-10-10T13:09:59Z,217
2017-10-10T18:00:16Z,218
2017-10-10T18:15:23Z,217
2017-10-10T18:48:48Z,216
2017-10-11T02:51:54Z,217
2017-10-11T03:35:35Z,218
2017-10-11T03:44:04Z,217
2017-10-11T04:26:10Z,216
2017-10-11T14:48:44Z,215
2017-10-11T17:25:43Z,216
2017-10-11T17:27:32Z,215
2017-10-11T18:04:28Z,216
2017-10-11T21:47:36Z,217
2017-10-12T10:46:11Z,218
2017-10-12T16:13:19Z,219
2017-10-12T17:01:03Z,218
2017-10-14T11:13:14Z,219
2017-10-16T03:11:52Z,220
2017-10-16T11:27:34Z,221
2017-10-16T13:38:11Z,222
2017-10-16T13:47:22Z,221
2017-10-16T20:59:27Z,222
2017-10-16T21:09:27Z,223
2017-10-16T22:01:29Z,222
2017-10-17T00:59:32Z,221
2017-10-17T14:22:40Z,222
2017-10-17T15:55:41Z,221
2017-10-18T17:23:44Z,222
2017-10-18T19:28:36Z,223
2017-10-19T23:43:25Z,224
2017-10-19T23:43:29Z,223
2017-10-20T13:00:18Z,224
2017-10-21T00:18:46Z,223
2017-10-21T00:30:53Z,222
2017-10-21T01:20:03Z,221
2017-10-22T21:15:15Z,222
2017-10-22T21:17:38Z,221
2017-10-23T16:27:45Z,220
2017-10-24T04:39:55Z,221
2017-10-24T05:52:04Z,222
2017-10-24T12:25:57Z,221
2017-10-24T12:28:57Z,220
2017-10-24T12:32:29Z,219
2017-10-24T12:47:54Z,220
2017-10-24T14:23:03Z,221
2017-10-24T15:20:27Z,222
2017-10-24T15:21:28Z,223
2017-10-24T15:23:41Z,224
2017-10-24T15:24:03Z,223
2017-10-24T15:50:42Z,222
2017-10-24T16:37:01Z,221
2017-10-24T17:11:51Z,220
2017-10-24T20:52:46Z,221
2017-10-24T23:54:20Z,222
2017-10-25T00:03:42Z,223
2017-10-25T15:25:09Z,224
2017-10-25T16:00:11Z,225
2017-10-25T17:40:26Z,226
2017-10-25T18:06:25Z,225
2017-10-25T18:06:26Z,224
2017-10-25T19:04:19Z,223
2017-10-25T19:04:32Z,222
2017-10-26T12:42:02Z,223
2017-10-26T20:01:44Z,224
2017-10-26T20:37:08Z,225
2017-10-26T20:49:19Z,224
2017-10-27T15:35:10Z,225
2017-10-28T03:11:50Z,226
2017-10-29T03:08:25Z,227
2017-10-29T03:53:29Z,226
2017-10-29T03:55:45Z,225
2017-10-29T07:32:11Z,224
2017-10-29T20:57:01Z,225
2017-10-30T07:34:08Z,224
2017-10-30T08:33:36Z,225
2017-10-30T21:59:23Z,226
2017-10-31T05:23:57Z,227
2017-10-31T10:28:02Z,228
2017-10-31T18:19:59Z,229
2017-10-31T19:36:28Z,230
2017-11-01T00:04:09Z,229
2017-11-01T00:06:28Z,228
2017-11-01T03:16:41Z,229
2017-11-01T10:59:46Z,228
2017-11-02T08:27:31Z,229
2017-11-02T14:31:58Z,230
2017-11-03T03:43:39Z,229
2017-11-03T11:44:05Z,230
2017-11-03T19:20:08Z,229
2017-11-03T19:50:22Z,230
2017-11-03T23:48:29Z,229
2017-11-04T00:10:15Z,230
2017-11-04T00:54:08Z,231
2017-11-04T03:44:51Z,230
2017-11-04T03:49:31Z,231
2017-11-04T05:24:53Z,232
2017-11-04T07:26:34Z,231
2017-11-04T08:20:31Z,230
2017-11-04T09:40:41Z,229
2017-11-04T09:49:59Z,230
2017-11-04T11:22:30Z,231
2017-11-04T11:59:16Z,230
2017-11-04T13:14:59Z,229
2017-11-04T13:55:52Z,228
2017-11-04T14:58:00Z,227
2017-11-04T15:01:01Z,226
2017-11-04T16:14:02Z,225
2017-11-04T17:21:57Z,224
2017-11-04T17:47:56Z,225
2017-11-04T17:53:37Z,226
2017-11-04T18:39:58Z,227
2017-11-04T18:50:19Z,226
2017-11-05T06:41:16Z,227
2017-11-05T06:43:24Z,228
2017-11-05T07:25:25Z,227
2017-11-05T07:25:35Z,226
2017-11-05T07:29:24Z,227
2017-11-05T09:29:19Z,226
2017-11-05T09:33:44Z,225
2017-11-05T09:51:30Z,224
2017-11-05T10:04:30Z,223
2017-11-05T10:33:28Z,222
2017-11-05T11:09:15Z,221
2017-11-05T11:30:11Z,220
2017-11-05T11:46:35Z,219
2017-11-05T11:57:00Z,218
2017-11-05T18:58:44Z,219
2017-11-06T01:32:47Z,218
2017-11-06T03:37:20Z,217
2017-11-06T04:03:00Z,218
2017-11-06T16:48:33Z,219
2017-11-06T22:40:47Z,220
2017-11-07T20:27:50Z,219
2017-11-08T23:24:27Z,220
2017-11-09T09:09:18Z,221
2017-11-09T09:15:28Z,222
2017-11-09T13:26:59Z,221
2017-11-09T13:54:52Z,220
2017-11-09T14:26:46Z,219
2017-11-09T16:00:17Z,220
2017-11-10T14:37:33Z,221
2017-11-11T17:00:58Z,222
2017-11-11T17:26:08Z,221
2017-11-12T16:33:11Z,220
2017-11-12T23:08:59Z,221
2017-11-13T02:02:00Z,222
2017-11-14T13:02:10Z,223
2017-11-14T13:03:24Z,224
2017-11-14T21:06:15Z,225
2017-11-15T17:46:10Z,226
2017-11-17T14:11:47Z,225
2017-11-18T06:54:24Z,226
2017-11-18T08:56:15Z,227
2017-11-18T19:26:19Z,228
2017-11-18T20:26:35Z,229
2017-11-19T18:21:27Z,230
2017-11-20T12:02:03Z,231
2017-11-22T22:26:26Z,230
2017-11-24T02:32:34Z,231
2017-11-24T06:51:57Z,230
2017-11-24T06:55:18Z,231
2017-11-24T10:30:41Z,232
2017-11-24T10:36:34Z,233
2017-11-24T12:18:33Z,234
2017-11-26T19:33:36Z,235
2017-11-26T22:14:02Z,234
2017-11-28T10:44:12Z,235
2017-11-28T10:59:42Z,236
2017-11-28T11:50:14Z,237
2017-11-28T19:25:02Z,238
2017-11-29T16:33:50Z,239
2017-11-29T17:22:19Z,238
2017-11-30T23:59:52Z,239
2017-12-01T00:00:16Z,238
2017-12-01T10:44:50Z,239
2017-12-02T19:53:51Z,240
2017-12-05T04:46:10Z,241
2017-12-05T05:04:36Z,240
2017-12-05T11:29:59Z,241
2017-12-06T03:35:33Z,242
2017-12-06T06:21:29Z,241
2017-12-06T09:56:58Z,242
2017-12-06T10:24:18Z,243
2017-12-06T10:55:32Z,242
2017-12-06T12:16:31Z,243
2017-12-06T12:47:27Z,244
2017-12-07T09:22:38Z,245
2017-12-07T09:27:27Z,244
2017-12-07T09:44:18Z,245
2017-12-07T10:50:47Z,246
2017-12-07T16:57:16Z,245
2017-12-07T19:13:21Z,244
2017-12-10T11:01:32Z,245
2017-12-11T15:37:02Z,246
2017-12-11T15:40:08Z,245
2017-12-11T18:20:25Z,246
2017-12-11T20:27:19Z,247
2017-12-12T00:10:13Z,248
2017-12-14T02:04:04Z,249
2017-12-14T07:09:31Z,248
2017-12-14T11:53:37Z,249
2017-12-14T12:10:50Z,248
2017-12-15T00:30:22Z,249
2017-12-15T01:11:54Z,248
2017-12-16T13:31:09Z,249
2017-12-16T21:46:23Z,248
2017-12-17T10:38:01Z,249
2017-12-17T21:51:51Z,250
2017-12-18T00:41:31Z,249
2017-12-18T19:49:46Z,248
2017-12-18T19:55:20Z,247
2017-12-20T01:22:38Z,248
2017-12-20T04:40:57Z,249
2017-12-20T15:33:16Z,250
2017-12-21T14:11:37Z,249
2017-12-21T16:53:19Z,248
2017-12-21T17:02:56Z,249
2017-12-22T11:22:35Z,248
2017-12-23T07:01:44Z,249
2017-12-25T15:50:41Z,250
2017-12-25T18:08:29Z,249
2017-12-26T18:40:32Z,248
2017-12-26T19:14:20Z,247
2017-12-29T04:36:02Z,248
2017-12-29T04:59:01Z,247
2017-12-29T05:51:26Z,246
2017-12-31T04:24:39Z,247
2017-12-31T04:33:45Z,246
2017-12-31T16:41:13Z,247
2018-01-02T08:50:40Z,248
2018-01-02T14:47:09Z,247
2018-01-03T23:47:55Z,246
2018-01-05T20:26:51Z,245
2018-01-05T21:01:09Z,244
2018-01-06T05:05:17Z,243
2018-01-06T06:44:46Z,242
2018-01-06T19:23:47Z,241
2018-01-06T19:53:31Z,240
2018-01-06T21:17:46Z,239
2018-01-11T00:22:56Z,240
2018-01-11T12:59:47Z,239
2018-01-11T13:54:04Z,240
2018-01-11T14:17:33Z,239
2018-01-12T07:12:54Z,238
2018-01-12T09:31:00Z,237
2018-01-12T14:48:37Z,238
2018-01-13T19:42:09Z,239
2018-01-13T22:26:59Z,238
2018-01-13T23:18:07Z,237
2018-01-14T08:34:11Z,238
2018-01-15T16:54:12Z,237
2018-01-16T11:34:41Z,238
2018-01-16T14:43:42Z,239
2018-01-17T01:43:44Z,238
2018-01-19T07:36:11Z,237
2018-01-20T12:16:33Z,238
2018-01-20T23:16:08Z,237
2018-01-21T03:58:11Z,238
2018-01-21T09:45:14Z,239
2018-01-21T10:02:08Z,238
2018-01-21T16:02:43Z,239
2018-01-21T16:02:48Z,238
2018-01-22T16:54:14Z,239
2018-01-22T22:20:44Z,240
2018-01-22T22:35:59Z,239
2018-01-23T12:54:32Z,238
2018-01-23T16:14:57Z,239
2018-01-23T16:38:33Z,240
2018-01-23T16:43:11Z,239
2018-01-23T17:53:45Z,240
2018-01-24T07:04:20Z,241
2018-01-24T07:58:39Z,242
2018-01-24T08:13:53Z,241
2018-01-24T18:11:37Z,240
2018-01-25T01:53:40Z,241
2018-01-25T01:54:08Z,240
2018-01-25T09:12:13Z,241
2018-01-27T07:41:50Z,240
2018-01-27T19:05:34Z,239
2018-01-28T08:38:19Z,240
2018-01-28T11:17:08Z,241
2018-01-29T05:21:32Z,242
2018-01-29T05:36:15Z,241
2018-02-01T09:36:31Z,242
2018-02-01T11:34:45Z,243
2018-02-02T23:44:48Z,244
2018-02-03T01:07:16Z,245
2018-02-03T01:08:03Z,244
2018-02-03T01:21:11Z,243
2018-02-04T02:34:13Z,244
2018-02-04T03:48:30Z,245
2018-02-04T03:48:47Z,244
2018-02-04T03:52:32Z,245
2018-02-05T08:08:06Z,244
2018-02-05T14:15:41Z,243
2018-02-06T14:22:17Z,244
2018-02-07T15:22:28Z,243
2018-02-07T20:36:09Z,244
2018-02-07T20:57:36Z,245
2018-02-08T18:27:13Z,246
2018-02-08T23:08:44Z,247
2018-02-09T18:54:18Z,246
2018-02-09T19:08:54Z,247
2018-02-09T21:43:48Z,248
2018-02-09T23:24:26Z,247
2018-02-10T09:17:46Z,246
2018-02-10T11:44:04Z,247
2018-02-10T12:27:42Z,246
2018-02-10T15:10:43Z,245
2018-02-11T11:07:29Z,246
2018-02-11T18:14:24Z,245
2018-02-12T13:52:29Z,246
2018-02-12T14:05:48Z,245
2018-02-12T23:22:56Z,246
2018-02-12T23:24:58Z,247
2018-02-12T23:29:41Z,248
2018-02-12T23:32:55Z,249
2018-02-12T23:35:36Z,250
2018-02-12T23:48:44Z,251
2018-02-12T23:55:08Z,252
2018-02-12T23:56:40Z,253
2018-02-12T23:57:54Z,254
2018-02-13T06:23:15Z,253
2018-02-13T06:51:39Z,252
2018-02-13T06:51:40Z,251
2018-02-13T06:53:57Z,250
2018-02-13T11:35:44Z,249
2018-02-13T14:03:02Z,248
2018-02-13T14:21:22Z,247
2018-02-13T14:52:31Z,246
2018-02-14T02:45:02Z,247
2018-02-14T13:23:50Z,246
2018-02-14T18:49:08Z,245
2018-02-15T06:38:29Z,244
2018-02-15T06:54:21Z,245
2018-02-15T11:47:52Z,246
2018-02-15T11:55:59Z,245
2018-02-15T17:42:44Z,246
2018-02-15T18:13:37Z,245
2018-02-16T02:01:08Z,246
2018-02-16T07:58:38Z,247
2018-02-16T13:21:23Z,248
2018-02-16T23:32:22Z,249
2018-02-16T23:33:44Z,250
2018-02-16T23:34:51Z,251
2018-02-17T06:18:23Z,250
2018-02-17T06:23:03Z,251
2018-02-17T06:33:15Z,250
2018-02-17T06:36:36Z,251
2018-02-17T17:17:28Z,250
2018-02-17T17:37:02Z,249
2018-02-17T18:40:39Z,250
2018-02-17T18:50:37Z,249
2018-02-18T17:00:05Z,250
2018-02-19T08:40:20Z,249
2018-02-19T13:23:30Z,250
2018-02-19T22:27:03Z,251
2018-02-19T22:38:27Z,252
2018-02-20T02:09:37Z,251
2018-02-20T02:49:38Z,250
2018-02-20T03:00:16Z,249
2018-02-20T06:12:24Z,248
2018-02-20T06:41:01Z,247
2018-02-20T14:43:06Z,248
2018-02-20T16:20:51Z,247
2018-02-21T11:34:28Z,248
2018-02-22T02:03:30Z,247
2018-02-23T12:55:29Z,246
2018-02-23T22:36:43Z,247
2018-02-24T14:42:01Z,248
2018-02-24T14:42:07Z,247
2018-02-24T14:51:39Z,248
2018-02-25T04:34:56Z,249
2018-02-25T13:50:41Z,248
2018-02-26T10:31:44Z,249
2018-02-26T14:54:35Z,250
2018-02-26T14:55:44Z,249
2018-02-27T08:44:19Z,248
2018-02-27T09:14:32Z,249
2018-02-28T13:46:24Z,250
2018-02-28T14:28:54Z,251
2018-02-28T14:28:59Z,250
2018-02-28T14:58:54Z,251
2018-02-28T16:22:45Z,252
2018-02-28T16:50:44Z,251
2018-03-01T19:34:56Z,252
2018-03-01T20:04:18Z,251
2018-03-02T11:56:14Z,250
2018-03-02T18:23:40Z,249
2018-03-02T18:32:10Z,250
2018-03-02T18:40:18Z,251
2018-03-02T19:19:10Z,250
2018-03-02T19:58:27Z,249
2018-03-03T15:08:48Z,248
2018-03-03T17:16:55Z,247
2018-03-03T18:43:36Z,246
2018-03-03T20:29:23Z,245
2018-03-03T21:13:03Z,244
2018-03-03T21:22:17Z,243
2018-03-03T22:32:33Z,244
2018-03-04T07:37:34Z,245
2018-03-04T08:50:03Z,244
2018-03-04T08:59:15Z,243
2018-03-04T09:02:28Z,244
2018-03-04T09:06:56Z,243
2018-03-04T09:32:08Z,242
2018-03-04T10:08:15Z,241
2018-03-04T10:43:23Z,240
2018-03-04T11:30:33Z,241
2018-03-04T11:34:59Z,240
2018-03-04T11:51:04Z,241
2018-03-04T11:57:20Z,240
2018-03-04T12:01:31Z,241
2018-03-04T14:27:18Z,242
2018-03-04T14:55:10Z,243
2018-03-04T18:49:10Z,242
2018-03-04T19:40:42Z,243
2018-03-04T19:44:02Z,244
2018-03-05T00:48:20Z,243
2018-03-05T13:28:01Z,242
2018-03-05T13:46:22Z,243
2018-03-05T14:34:51Z,244
2018-03-05T14:35:11Z,243
2018-03-05T16:52:27Z,244
2018-03-05T17:11:42Z,245
2018-03-05T17:25:06Z,246
2018-03-05T22:43:41Z,245
2018-03-06T07:24:18Z,246
2018-03-06T15:10:30Z,247
2018-03-06T20:28:55Z,248
2018-03-06T20:37:43Z,247
2018-03-06T20:59:03Z,248
2018-03-07T06:49:36Z,249
2018-03-07T15:59:09Z,250
2018-03-07T16:16:28Z,251
2018-03-07T18:46:08Z,252
2018-03-08T06:39:45Z,251
2018-03-08T22:22:46Z,250
2018-03-09T07:10:10Z,251
2018-03-09T07:17:59Z,252
2018-03-09T07:23:15Z,253
2018-03-09T14:43:22Z,254
2018-03-09T14:43:28Z,253
2018-03-09T16:19:16Z,254
2018-03-09T18:29:00Z,255
2018-03-09T19:35:24Z,254
2018-03-09T23:15:55Z,255
2018-03-10T04:03:04Z,256
2018-03-10T04:03:10Z,255
2018-03-10T09:46:42Z,254
2018-03-10T10:42:07Z,253
2018-03-10T10:55:54Z,252
2018-03-10T11:24:05Z,253
2018-03-10T11:25:48Z,252
2018-03-10T18:02:15Z,253
2018-03-10T18:19:27Z,252
2018-03-10T20:47:54Z,251
2018-03-11T09:54:12Z,250
2018-03-12T06:39:50Z,249
2018-03-12T06:48:52Z,248
2018-03-12T07:40:05Z,249
2018-03-12T09:41:10Z,248
2018-03-15T06:55:53Z,249
2018-03-15T06:58:54Z,248
2018-03-15T09:59:32Z,247
2018-03-15T13:46:02Z,248
2018-03-15T16:26:26Z,249
2018-03-15T16:46:06Z,250
2018-03-16T07:22:25Z,249
2018-03-16T23:38:24Z,250
2018-03-17T00:21:26Z,249
2018-03-17T10:29:01Z,250
2018-03-18T15:07:45Z,251
2018-03-18T17:39:12Z,252
2018-03-19T12:51:05Z,253
2018-03-19T12:51:16Z,252
2018-03-19T15:40:54Z,253
2018-03-19T15:42:45Z,252
2018-03-19T18:30:46Z,251
2018-03-19T19:21:36Z,252
2018-03-19T19:26:24Z,251
2018-03-20T02:04:45Z,252
2018-03-20T14:04:42Z,253
2018-03-20T17:06:55Z,254
2018-03-20T17:48:06Z,255
2018-03-20T18:42:12Z,254
2018-03-20T19:29:39Z,253
2018-03-21T10:05:57Z,254
2018-03-21T12:40:47Z,255
2018-03-21T14:47:08Z,254
2018-03-21T16:07:19Z,255
2018-03-21T17:56:43Z,254
2018-03-22T06:28:59Z,255
2018-03-22T16:22:47Z,254
2018-03-22T20:00:48Z,255
2018-03-22T20:40:42Z,256
2018-03-23T06:39:42Z,257
2018-03-23T06:41:49Z,256
2018-03-23T10:01:34Z,255
2018-03-23T16:51:24Z,256
2018-03-23T18:35:53Z,255
2018-03-24T21:44:12Z,256
2018-03-25T18:53:04Z,257
2018-03-25T19:29:03Z,256
2018-03-25T19:34:33Z,255
2018-03-26T02:52:04Z,256
2018-03-26T19:35:38Z,257
2018-03-26T20:04:07Z,258
2018-03-26T20:06:47Z,257
2018-03-26T20:15:38Z,258
2018-03-26T20:15:42Z,259
2018-03-26T20:15:50Z,258
2018-03-26T20:16:19Z,257
2018-03-26T20:47:07Z,258
2018-03-28T12:57:44Z,259
2018-03-28T13:17:50Z,260
2018-03-28T14:50:29Z,259
2018-03-28T17:01:13Z,260
2018-03-29T07:18:01Z,261
2018-03-29T08:01:08Z,262
2018-03-29T08:13:44Z,263
2018-03-29T08:28:31Z,262
2018-03-29T10:03:54Z,263
2018-03-29T11:12:01Z,262
2018-03-29T12:06:10Z,263
2018-03-29T17:05:11Z,262
2018-03-29T17:09:17Z,261
2018-03-30T07:11:38Z,262
2018-03-30T07:36:42Z,261
2018-03-30T07:44:38Z,260
2018-03-30T07:47:15Z,259
2018-03-30T09:47:12Z,260
2018-03-30T09:57:19Z,261
2018-03-30T12:29:25Z,262
2018-03-30T13:35:42Z,263
2018-03-30T16:49:25Z,262
2018-03-30T17:33:08Z,261
2018-03-30T20:14:44Z,260
2018-03-30T20:15:58Z,259
2018-03-31T14:04:02Z,260
2018-03-31T14:04:08Z,259
2018-04-01T07:19:06Z,258
2018-04-01T09:08:03Z,257
2018-04-01T09:39:29Z,258
2018-04-01T10:13:07Z,259
2018-04-01T10:18:56Z,258
2018-04-02T06:27:30Z,257
2018-04-02T07:22:33Z,256
2018-04-02T08:36:20Z,257
2018-04-02T08:36:26Z,256
2018-04-02T15:54:11Z,257
2018-04-02T16:42:22Z,256
2018-04-03T04:14:30Z,257
2018-04-03T17:00:33Z,256
2018-04-03T17:02:37Z,257
2018-04-04T06:13:29Z,256
2018-04-04T06:20:23Z,257
2018-04-04T06:39:00Z,256
2018-04-05T21:35:14Z,257
2018-04-05T21:47:57Z,256
2018-04-06T01:02:26Z,257
2018-04-06T08:40:05Z,258
2018-04-06T09:01:43Z,257
2018-04-06T10:03:08Z,256
2018-04-06T13:46:56Z,257
2018-04-06T15:32:59Z,258
2018-04-06T17:02:39Z,257
2018-04-07T03:55:08Z,258
2018-04-07T04:52:08Z,259
2018-04-07T05:09:05Z,260
2018-04-07T08:51:47Z,261
2018-04-07T09:17:16Z,260
2018-04-07T09:30:37Z,259
2018-04-07T10:36:09Z,258
2018-04-08T05:44:18Z,259
2018-04-08T06:36:28Z,258
2018-04-08T07:02:09Z,257
2018-04-08T07:14:11Z,258
2018-04-08T07:45:12Z,257
2018-04-08T10:58:18Z,258
2018-04-08T11:59:36Z,259
2018-04-08T12:39:57Z,260
2018-04-08T15:15:40Z,261
2018-04-08T18:05:45Z,260
2018-04-09T01:56:46Z,261
2018-04-09T02:57:15Z,260
2018-04-09T05:44:53Z,261
2018-04-09T10:46:14Z,262
2018-04-09T15:42:12Z,263
2018-04-09T15:45:21Z,264
2018-04-09T16:13:56Z,263
2018-04-09T20:55:05Z,264
2018-04-10T15:10:33Z,263
2018-04-10T17:17:04Z,262
2018-04-11T13:55:44Z,263
2018-04-11T20:23:06Z,264
2018-04-11T20:26:14Z,263
2018-04-12T07:29:07Z,264
2018-04-12T07:33:21Z,263
2018-04-12T16:20:59Z,264
2018-04-12T17:05:23Z,263
2018-04-12T17:19:48Z,262
2018-04-12T21:18:10Z,261
2018-04-12T23:20:50Z,262
2018-04-13T00:46:46Z,263
2018-04-13T05:38:36Z,264
2018-04-13T05:52:17Z,263
2018-04-13T06:01:16Z,262
2018-04-13T12:25:23Z,263
2018-04-13T20:09:50Z,264
2018-04-14T07:16:44Z,263
2018-04-14T07:21:45Z,262
2018-04-14T07:45:16Z,261
2018-04-14T09:40:19Z,260
2018-04-14T11:36:03Z,261
2018-04-15T04:56:26Z,262
2018-04-15T04:57:09Z,261
2018-04-15T07:03:30Z,260
2018-04-15T09:40:30Z,261
2018-04-15T09:54:20Z,260
2018-04-15T12:09:55Z,261
2018-04-15T17:56:34Z,260
2018-04-16T05:31:30Z,261
2018-04-16T05:36:22Z,260
2018-04-16T05:43:19Z,261
2018-04-16T07:15:52Z,260
2018-04-16T11:02:04Z,261
2018-04-16T11:59:39Z,262
2018-04-16T13:14:04Z,261
2018-04-16T13:14:28Z,260
2018-04-16T13:15:50Z,261
2018-04-16T18:10:38Z,262
2018-04-16T21:10:20Z,263
2018-04-17T06:55:52Z,262
2018-04-17T08:02:55Z,261
2018-04-17T08:29:17Z,260
2018-04-17T16:33:52Z,261
2018-04-17T20:46:17Z,262
2018-04-18T08:04:28Z,263
2018-04-18T08:27:02Z,264
2018-04-18T10:50:20Z,263
2018-04-19T01:18:29Z,264
2018-04-19T06:03:54Z,263
2018-04-19T18:11:50Z,264
2018-04-19T18:12:34Z,263
2018-04-20T05:43:27Z,262
2018-04-20T06:36:39Z,261
2018-04-20T12:20:19Z,260
2018-04-20T18:54:34Z,259
2018-04-20T19:54:30Z,260
2018-04-20T20:02:16Z,261
2018-04-20T20:09:57Z,262
2018-04-20T20:41:30Z,263
2018-04-21T07:24:54Z,262
2018-04-21T08:41:50Z,261
2018-04-21T11:08:13Z,262
2018-04-21T15:38:59Z,263
2018-04-21T16:31:43Z,262
2018-04-22T05:13:14Z,261
2018-04-22T11:06:03Z,262
2018-04-22T11:19:55Z,263
2018-04-22T12:13:10Z,262
2018-04-22T16:20:58Z,263
2018-04-22T16:53:51Z,262
2018-04-22T17:20:22Z,263
2018-04-22T19:39:52Z,264
2018-04-22T23:10:42Z,265
2018-04-22T23:18:23Z,266
2018-04-23T05:52:11Z,265
2018-04-23T13:01:09Z,264
2018-04-23T13:32:23Z,265
2018-04-23T16:06:52Z,264
2018-04-23T16:21:47Z,263
2018-04-23T19:28:00Z,264
2018-04-23T22:30:42Z,265
2018-04-24T10:48:39Z,266
2018-04-24T12:58:37Z,267
2018-04-24T14:14:57Z,266
2018-04-24T16:33:57Z,265
2018-04-25T14:54:51Z,266
2018-04-25T14:54:57Z,265
2018-04-25T15:27:13Z,264
2018-04-25T19:30:09Z,265
2018-04-26T05:35:14Z,266
2018-04-26T05:51:54Z,267
2018-04-26T06:02:39Z,268
2018-04-26T06:45:03Z,267
2018-04-26T06:50:52Z,268
2018-04-26T11:53:28Z,267
2018-04-26T12:05:37Z,268
2018-04-26T13:14:15Z,267
2018-04-26T21:31:00Z,268
2018-04-27T03:08:20Z,269
2018-04-27T05:38:21Z,268
2018-04-27T09:19:00Z,267
2018-04-27T12:48:03Z,268
2018-04-27T17:37:52Z,267
2018-04-27T20:15:21Z,266
2018-04-27T20:15:22Z,265
2018-04-28T08:26:09Z,264
2018-04-28T08:28:55Z,265
2018-04-28T08:39:42Z,264
2018-04-28T16:37:53Z,263
2018-04-29T01:54:15Z,264
2018-04-29T02:33:33Z,265
2018-04-29T03:59:59Z,264
2018-04-29T06:54:03Z,263
2018-04-29T07:26:54Z,262
2018-04-29T07:32:48Z,263
2018-04-29T08:23:40Z,264
2018-04-29T09:49:57Z,263
2018-04-29T17:19:43Z,264
2018-04-29T17:26:15Z,263
2018-04-29T21:35:27Z,264
2018-04-29T23:49:09Z,263
2018-04-30T03:15:02Z,264
2018-04-30T03:30:53Z,263
2018-04-30T05:33:44Z,262
2018-04-30T05:41:42Z,261
2018-04-30T10:38:24Z,262
2018-04-30T13:27:06Z,263
2018-04-30T13:31:40Z,264
2018-04-30T16:42:48Z,265
2018-04-30T19:20:15Z,264
2018-04-30T21:58:34Z,265
2018-05-01T04:59:58Z,264
2018-05-01T06:05:50Z,265
2018-05-01T07:51:02Z,264
2018-05-01T11:13:11Z,263
2018-05-01T11:37:51Z,262
2018-05-01T16:47:17Z,263
2018-05-01T17:55:58Z,262
2018-05-02T05:52:12Z,261
2018-05-02T06:48:30Z,260
2018-05-02T10:26:23Z,259
2018-05-02T15:17:12Z,258
2018-05-02T16:13:25Z,259
2018-05-03T05:16:11Z,258
2018-05-03T06:45:50Z,257
2018-05-03T09:16:48Z,256
2018-05-04T07:16:04Z,257
2018-05-04T07:28:01Z,256
2018-05-04T09:51:53Z,257
2018-05-04T10:15:27Z,256
2018-05-04T10:22:35Z,257
2018-05-04T10:28:04Z,258
2018-05-04T10:36:12Z,259
2018-05-04T10:50:58Z,260
2018-05-04T11:03:38Z,259
2018-05-04T11:05:16Z,258
2018-05-04T11:24:13Z,257
2018-05-04T11:32:25Z,256
2018-05-04T12:47:06Z,257
2018-05-04T16:19:53Z,256
2018-05-04T16:48:40Z,255
2018-05-04T17:36:15Z,254
2018-05-04T18:23:03Z,255
2018-05-05T10:36:14Z,254
2018-05-05T10:51:43Z,253
2018-05-05T15:34:50Z,254
2018-05-05T15:35:04Z,253
2018-05-05T15:42:38Z,254
2018-05-05T16:15:43Z,253
2018-05-05T16:16:43Z,252
2018-05-05T21:36:07Z,253
2018-05-06T08:00:29Z,254
2018-05-06T08:09:06Z,255
2018-05-06T09:02:32Z,254
2018-05-06T09:19:35Z,253
2018-05-06T09:19:49Z,252
2018-05-06T09:19:50Z,251
2018-05-06T09:20:04Z,250
2018-05-06T09:34:43Z,249
2018-05-06T09:35:23Z,248
2018-05-06T09:36:28Z,247
2018-05-06T10:28:59Z,246
2018-05-06T12:06:25Z,245
2018-05-07T12:20:29Z,244
2018-05-07T15:19:15Z,243
2018-05-07T16:10:59Z,242
2018-05-09T06:39:22Z,241
2018-05-13T10:21:11Z,240
2018-05-13T10:48:20Z,239
2018-05-13T15:59:52Z,238
2018-05-13T16:12:16Z,237
2018-05-13T16:24:11Z,236
2018-05-13T18:06:02Z,235
2018-05-14T05:35:00Z,234
2018-05-14T05:47:47Z,233
2018-05-14T06:14:21Z,232
2018-05-14T06:20:57Z,231
2018-05-15T05:22:01Z,230
2018-05-15T05:31:48Z,229
2018-05-15T06:01:57Z,228
2018-05-15T11:40:24Z,227
2018-05-15T11:59:32Z,226
2018-05-15T18:04:33Z,225
2018-05-15T18:25:25Z,224
2018-05-16T06:24:29Z,223
2018-05-17T06:00:22Z,222
2018-05-17T07:09:07Z,221
2018-05-18T17:15:31Z,220
2018-05-18T17:38:21Z,219
2018-05-18T18:04:24Z,218
2018-05-18T18:07:39Z,217
2018-05-18T18:14:57Z,216
